employee_id,first_name,last_name,pay_date,pay_period_number,Employee Class,department,location,Regular Compensation,Overtime,Bonus,Fringe,Reimbursement,Gross Compensation,Compensation,Plan Compensation,EE Deferral $,EE Roth $,ER Match $,True-Up Enabled,loan_amount,is_hce,catchup_pretax,catchup_roth,age,dob,hire_date,rehire_date,employment_status,termination_date
E100001,Demo,Participant001,2025-01-03,1,Part-Time,Operations,Austin,2506.77,0.00,0.00,0.00,0.00,2506.77,2506.77,2506.77,94.00,31.33,62.67,false,0.00,false,0.00,0.00,32,1993-06-15,2024-01-03,,Active,
E100001,Demo,Participant001,2025-01-17,2,Part-Time,Operations,Austin,2506.77,0.00,0.00,35.00,0.00,2541.77,2541.77,2506.77,94.00,31.33,62.67,false,0.00,false,0.00,0.00,32,1993-06-15,2024-01-03,,Active,
E100001,Demo,Participant001,2025-01-31,3,Part-Time,Operations,Austin,2506.77,0.00,0.00,0.00,45.00,2551.77,2551.77,2506.77,94.00,31.33,62.67,false,0.00,false,0.00,0.00,32,1993-06-15,2024-01-03,,Active,
E100001,Demo,Participant001,2025-02-14,4,Part-Time,Operations,Austin,2506.77,0.00,0.00,0.00,0.00,2506.77,2506.77,2506.77,94.00,31.33,62.67,false,0.00,false,0.00,0.00,32,1993-06-15,2024-01-03,,Active,
E100001,Demo,Participant001,2025-02-28,5,Part-Time,Operations,Austin,2506.77,0.00,0.00,0.00,0.00,2506.77,2506.77,2506.77,94.00,31.33,62.67,false,0.00,false,0.00,0.00,32,1993-06-15,2024-01-03,,Active,
E100001,Demo,Participant001,2025-03-14,6,Part-Time,Operations,Austin,2506.77,0.00,0.00,0.00,0.00,2506.77,2506.77,2506.77,94.00,31.33,62.67,false,0.00,false,0.00,0.00,32,1993-06-15,2024-01-03,,Active,
E100001,Demo,Participant001,2025-03-28,7,Part-Time,Operations,Austin,2506.77,0.00,0.00,0.00,0.00,2506.77,2506.77,2506.77,94.00,31.33,62.67,false,0.00,false,0.00,0.00,32,1993-06-15,2024-01-03,,Active,
E100001,Demo,Participant001,2025-04-11,8,Part-Time,Operations,Austin,2506.77,0.00,0.00,0.00,0.00,2506.77,2506.77,2506.77,94.00,31.33,62.67,false,0.00,false,0.00,0.00,32,1993-06-15,2024-01-03,,Active,
E100002,Demo,Participant002,2025-01-03,1,Full-Time,Finance,Charlotte,2584.35,0.00,0.00,0.00,0.00,2584.35,2584.35,2584.35,129.22,0.00,64.61,false,0.00,false,0.00,0.00,33,1992-06-15,2024-01-03,,Active,
E100002,Demo,Participant002,2025-01-17,2,Full-Time,Finance,Charlotte,2584.35,0.00,0.00,0.00,0.00,2584.35,2584.35,2584.35,129.22,0.00,64.61,false,0.00,false,0.00,0.00,33,1992-06-15,2024-01-03,,Active,
E100002,Demo,Participant002,2025-01-31,3,Full-Time,Finance,Charlotte,2584.35,0.00,0.00,0.00,0.00,2584.35,2584.35,2584.35,129.22,0.00,64.61,false,0.00,false,0.00,0.00,33,1992-06-15,2024-01-03,,Active,
E100002,Demo,Participant002,2025-02-14,4,Full-Time,Finance,Charlotte,2584.35,0.00,0.00,0.00,0.00,2584.35,2584.35,2584.35,129.22,0.00,64.61,false,0.00,false,0.00,0.00,33,1992-06-15,2024-01-03,,Active,
E100002,Demo,Participant002,2025-02-28,5,Full-Time,Finance,Charlotte,2584.35,0.00,0.00,0.00,0.00,2584.35,2584.35,2584.35,129.22,0.00,64.61,false,0.00,false,0.00,0.00,33,1992-06-15,2024-01-03,,Active,
E100002,Demo,Participant002,2025-03-14,6,Full-Time,Finance,Charlotte,2584.35,0.00,0.00,0.00,0.00,2584.35,2584.35,2584.35,129.22,0.00,64.61,false,0.00,false,0.00,0.00,33,1992-06-15,2024-01-03,,Active,
E100002,Demo,Participant002,2025-03-28,7,Full-Time,Finance,Charlotte,2584.35,0.00,0.00,0.00,0.00,2584.35,2584.35,2584.35,129.22,0.00,64.61,false,0.00,false,0.00,0.00,33,1992-06-15,2024-01-03,,Active,
E100002,Demo,Participant002,2025-04-11,8,Full-Time,Finance,Charlotte,2584.35,0.00,0.00,0.00,0.00,2584.35,2584.35,2584.35,129.22,0.00,64.61,false,0.00,false,0.00,0.00,33,1992-06-15,2024-01-03,,Active,
E100003,Demo,Participant003,2025-01-03,1,Full-Time,Sales,Chicago,2652.81,0.00,0.00,0.00,0.00,2652.81,2652.81,2652.81,132.64,0.00,66.32,false,85.00,false,0.00,0.00,34,1991-06-15,2024-01-03,,Active,
E100003,Demo,Participant003,2025-01-17,2,Full-Time,Sales,Chicago,2652.81,0.00,0.00,0.00,0.00,2652.81,2652.81,2652.81,132.64,0.00,66.32,false,85.00,false,0.00,0.00,34,1991-06-15,2024-01-03,,Active,
E100003,Demo,Participant003,2025-01-31,3,Full-Time,Sales,Chicago,2652.81,0.00,0.00,0.00,0.00,2652.81,2652.81,2652.81,132.64,0.00,66.32,false,85.00,false,0.00,0.00,34,1991-06-15,2024-01-03,,Active,
E100003,Demo,Participant003,2025-02-14,4,Full-Time,Sales,Chicago,2652.81,0.00,0.00,0.00,0.00,2652.81,2652.81,2652.81,132.64,0.00,66.32,false,85.00,false,0.00,0.00,34,1991-06-15,2024-01-03,,Active,
E100003,Demo,Participant003,2025-02-28,5,Full-Time,Sales,Chicago,2652.81,0.00,0.00,0.00,0.00,2652.81,2652.81,2652.81,132.64,0.00,66.32,false,85.00,false,0.00,0.00,34,1991-06-15,2024-01-03,,Active,
E100003,Demo,Participant003,2025-03-14,6,Full-Time,Sales,Chicago,2652.81,0.00,0.00,0.00,0.00,2652.81,2652.81,2652.81,132.64,0.00,66.32,false,85.00,false,0.00,0.00,34,1991-06-15,2024-01-03,,Active,
E100003,Demo,Participant003,2025-03-28,7,Full-Time,Sales,Chicago,2652.81,0.00,0.00,0.00,0.00,2652.81,2652.81,2652.81,132.64,0.00,66.32,false,85.00,false,0.00,0.00,34,1991-06-15,2024-01-03,,Active,
E100003,Demo,Participant003,2025-04-11,8,Full-Time,Sales,Chicago,2652.81,0.00,0.00,0.00,0.00,2652.81,2652.81,2652.81,132.64,0.00,66.32,false,85.00,false,0.00,0.00,34,1991-06-15,2024-01-03,,Active,
E100004,Demo,Participant004,2025-01-03,1,Full-Time,Engineering,Denver,2723.69,0.00,0.00,0.00,0.00,2723.69,2723.69,2723.69,102.14,34.05,68.09,false,0.00,false,0.00,0.00,35,1990-06-15,2024-01-03,,Active,
E100004,Demo,Participant004,2025-01-17,2,Full-Time,Engineering,Denver,2723.69,0.00,0.00,0.00,0.00,2723.69,2723.69,2723.69,102.14,34.05,68.09,false,0.00,false,0.00,0.00,35,1990-06-15,2024-01-03,,Active,
E100004,Demo,Participant004,2025-01-31,3,Full-Time,Engineering,Denver,2723.69,0.00,0.00,0.00,0.00,2723.69,2723.69,2723.69,102.14,34.05,68.09,false,0.00,false,0.00,0.00,35,1990-06-15,2024-01-03,,Active,
E100004,Demo,Participant004,2025-02-14,4,Full-Time,Engineering,Denver,2723.69,0.00,0.00,0.00,0.00,2723.69,2723.69,2723.69,102.14,34.05,68.09,false,0.00,false,0.00,0.00,35,1990-06-15,2024-01-03,,Active,
E100004,Demo,Participant004,2025-02-28,5,Full-Time,Engineering,Denver,2723.69,0.00,0.00,0.00,0.00,2723.69,2723.69,2723.69,102.14,34.05,68.09,false,0.00,false,0.00,0.00,35,1990-06-15,2024-01-03,,Active,
E100004,Demo,Participant004,2025-03-14,6,Full-Time,Engineering,Denver,2723.69,0.00,0.00,0.00,0.00,2723.69,2723.69,2723.69,102.14,34.05,68.09,false,0.00,false,0.00,0.00,35,1990-06-15,2024-01-03,,Active,
E100004,Demo,Participant004,2025-03-28,7,Full-Time,Engineering,Denver,2723.69,0.00,0.00,0.00,0.00,2723.69,2723.69,2723.69,102.14,34.05,68.09,false,0.00,false,0.00,0.00,35,1990-06-15,2024-01-03,,Active,
E100004,Demo,Participant004,2025-04-11,8,Full-Time,Engineering,Denver,2723.69,0.00,0.00,0.00,0.00,2723.69,2723.69,2723.69,102.14,34.05,68.09,false,0.00,false,0.00,0.00,35,1990-06-15,2024-01-03,,Active,
E100005,Demo,Participant005,2025-01-03,1,Full-Time,Clinical,Phoenix,2788.19,0.00,0.00,0.00,0.00,2788.19,2788.19,2788.19,139.41,0.00,69.70,false,0.00,false,0.00,0.00,36,1989-06-15,2024-01-03,,Active,
E100005,Demo,Participant005,2025-01-17,2,Full-Time,Clinical,Phoenix,2788.19,0.00,0.00,0.00,0.00,2788.19,2788.19,2788.19,139.41,0.00,69.70,false,0.00,false,0.00,0.00,36,1989-06-15,2024-01-03,,Active,
E100005,Demo,Participant005,2025-01-31,3,Full-Time,Clinical,Phoenix,2788.19,0.00,0.00,0.00,0.00,2788.19,2788.19,2788.19,139.41,0.00,69.70,false,0.00,false,0.00,0.00,36,1989-06-15,2024-01-03,,Active,
E100005,Demo,Participant005,2025-02-14,4,Full-Time,Clinical,Phoenix,2788.19,0.00,0.00,0.00,0.00,2788.19,2788.19,2788.19,139.41,0.00,69.70,false,0.00,false,0.00,0.00,36,1989-06-15,2024-01-03,,Active,
E100005,Demo,Participant005,2025-02-28,5,Full-Time,Clinical,Phoenix,2788.19,0.00,0.00,0.00,0.00,2788.19,2788.19,2788.19,139.41,0.00,69.70,false,0.00,false,0.00,0.00,36,1989-06-15,2024-01-03,,Active,
E100005,Demo,Participant005,2025-03-14,6,Full-Time,Clinical,Phoenix,2788.19,0.00,0.00,0.00,0.00,2788.19,2788.19,2788.19,139.41,0.00,69.70,false,0.00,false,0.00,0.00,36,1989-06-15,2024-01-03,,Active,
E100005,Demo,Participant005,2025-03-28,7,Full-Time,Clinical,Phoenix,2788.19,0.00,0.00,0.00,0.00,2788.19,2788.19,2788.19,139.41,0.00,69.70,false,0.00,false,0.00,0.00,36,1989-06-15,2024-01-03,,Active,
E100005,Demo,Participant005,2025-04-11,8,Full-Time,Clinical,Phoenix,2788.19,0.00,0.00,0.00,0.00,2788.19,2788.19,2788.19,139.41,0.00,69.70,false,0.00,false,0.00,0.00,36,1989-06-15,2024-01-03,,Active,
E100006,Demo,Participant006,2025-01-03,1,Part-Time,Logistics,Raleigh,2866.42,0.00,0.00,0.00,0.00,2866.42,2866.42,2866.42,143.32,0.00,71.66,false,0.00,false,0.00,0.00,37,1988-06-15,2024-01-03,,Active,
E100006,Demo,Participant006,2025-01-17,2,Part-Time,Logistics,Raleigh,2866.42,0.00,0.00,0.00,0.00,2866.42,2866.42,2866.42,143.32,0.00,71.66,false,0.00,false,0.00,0.00,37,1988-06-15,2024-01-03,,Active,
E100006,Demo,Participant006,2025-01-31,3,Part-Time,Logistics,Raleigh,2866.42,0.00,0.00,0.00,0.00,2866.42,2866.42,2866.42,143.32,0.00,71.66,false,0.00,false,0.00,0.00,37,1988-06-15,2024-01-03,,Active,
E100006,Demo,Participant006,2025-02-14,4,Part-Time,Logistics,Raleigh,2866.42,0.00,0.00,0.00,0.00,2866.42,2866.42,2866.42,143.32,0.00,71.66,false,0.00,false,0.00,0.00,37,1988-06-15,2024-01-03,,Active,
E100006,Demo,Participant006,2025-02-28,5,Part-Time,Logistics,Raleigh,2866.42,0.00,0.00,0.00,0.00,2866.42,2866.42,2866.42,143.32,0.00,71.66,false,0.00,false,0.00,0.00,37,1988-06-15,2024-01-03,,Active,
E100006,Demo,Participant006,2025-03-14,6,Part-Time,Logistics,Raleigh,2866.42,0.00,0.00,0.00,0.00,2866.42,2866.42,2866.42,143.32,0.00,71.66,false,0.00,false,0.00,0.00,37,1988-06-15,2024-01-03,,Active,
E100006,Demo,Participant006,2025-03-28,7,Part-Time,Logistics,Raleigh,2866.42,0.00,0.00,0.00,0.00,2866.42,2866.42,2866.42,143.32,0.00,71.66,false,0.00,false,0.00,0.00,37,1988-06-15,2024-01-03,,Active,
E100006,Demo,Participant006,2025-04-11,8,Part-Time,Logistics,Raleigh,2866.42,0.00,0.00,0.00,0.00,2866.42,2866.42,2866.42,143.32,0.00,71.66,false,0.00,false,0.00,0.00,37,1988-06-15,2024-01-03,,Active,
E100007,Demo,Participant007,2025-01-03,1,Full-Time,Customer Care,Remote,2933.35,0.00,0.00,0.00,0.00,2933.35,2933.35,2933.35,110.00,36.67,73.33,false,0.00,false,0.00,0.00,38,1987-06-15,2024-01-03,,Active,
E100007,Demo,Participant007,2025-01-17,2,Full-Time,Customer Care,Remote,2933.35,0.00,0.00,0.00,0.00,2933.35,2933.35,2933.35,110.00,36.67,73.33,false,0.00,false,0.00,0.00,38,1987-06-15,2024-01-03,,Active,
E100007,Demo,Participant007,2025-01-31,3,Full-Time,Customer Care,Remote,2933.35,0.00,0.00,0.00,0.00,2933.35,2933.35,2933.35,110.00,36.67,73.33,false,0.00,false,0.00,0.00,38,1987-06-15,2024-01-03,,Active,
E100007,Demo,Participant007,2025-02-14,4,Full-Time,Customer Care,Remote,2933.35,0.00,0.00,0.00,0.00,2933.35,2933.35,2933.35,110.00,36.67,73.33,false,0.00,false,0.00,0.00,38,1987-06-15,2024-01-03,,Active,
E100007,Demo,Participant007,2025-02-28,5,Full-Time,Customer Care,Remote,2933.35,0.00,0.00,0.00,0.00,2933.35,2933.35,2933.35,110.00,36.67,73.33,false,0.00,false,0.00,0.00,38,1987-06-15,2024-01-03,,Active,
E100007,Demo,Participant007,2025-03-14,6,Full-Time,Customer Care,Remote,2933.35,0.00,0.00,0.00,0.00,2933.35,2933.35,2933.35,110.00,36.67,73.33,false,0.00,false,0.00,0.00,38,1987-06-15,2024-01-03,,Active,
E100007,Demo,Participant007,2025-03-28,7,Full-Time,Customer Care,Remote,2933.35,0.00,0.00,0.00,0.00,2933.35,2933.35,2933.35,110.00,36.67,73.33,false,0.00,false,0.00,0.00,38,1987-06-15,2024-01-03,,Active,
E100007,Demo,Participant007,2025-04-11,8,Full-Time,Customer Care,Remote,2933.35,0.00,0.00,0.00,0.00,2933.35,2933.35,2933.35,110.00,36.67,73.33,false,0.00,false,0.00,0.00,38,1987-06-15,2024-01-03,,Active,
E100008,Demo,Participant008,2025-01-03,1,Full-Time,HR,Seattle,3011.42,0.00,0.00,0.00,0.00,3011.42,3011.42,3011.42,150.57,0.00,75.29,false,0.00,false,0.00,0.00,39,1986-06-15,2024-01-03,,Active,
E100008,Demo,Participant008,2025-01-17,2,Full-Time,HR,Seattle,0.00,0.00,0.00,0.00,0.00,0.00,0.00,0.00,0.00,0.00,0.00,false,0.00,false,0.00,0.00,39,1986-06-15,2024-01-03,,Terminated,2025-01-15
E100008,Demo,Participant008,2025-01-31,3,Full-Time,HR,Seattle,0.00,0.00,0.00,0.00,0.00,0.00,0.00,0.00,0.00,0.00,0.00,false,0.00,false,0.00,0.00,39,1986-06-15,2024-01-03,,Terminated,2025-01-15
E100008,Demo,Participant008,2025-02-14,4,Full-Time,HR,Seattle,0.00,0.00,0.00,0.00,0.00,0.00,0.00,0.00,0.00,0.00,0.00,false,0.00,false,0.00,0.00,39,1986-06-15,2024-01-03,,Terminated,2025-01-15
E100008,Demo,Participant008,2025-02-28,5,Full-Time,HR,Seattle,1800.00,0.00,0.00,0.00,0.00,1800.00,1800.00,1800.00,90.00,0.00,45.00,false,0.00,false,0.00,0.00,39,1986-06-15,2024-01-03,,Terminated,2025-01-15
E100008,Demo,Participant008,2025-03-14,6,Full-Time,HR,Seattle,0.00,0.00,0.00,0.00,0.00,0.00,0.00,0.00,0.00,0.00,0.00,false,0.00,false,0.00,0.00,39,1986-06-15,2024-01-03,,Terminated,2025-01-15
E100008,Demo,Participant008,2025-03-28,7,Full-Time,HR,Seattle,0.00,0.00,0.00,0.00,0.00,0.00,0.00,0.00,0.00,0.00,0.00,false,0.00,false,0.00,0.00,39,1986-06-15,2024-01-03,,Terminated,2025-01-15
E100008,Demo,Participant008,2025-04-11,8,Full-Time,HR,Seattle,0.00,0.00,0.00,0.00,0.00,0.00,0.00,0.00,0.00,0.00,0.00,false,0.00,false,0.00,0.00,39,1986-06-15,2024-01-03,,Terminated,2025-01-15
E100009,Demo,Participant009,2025-01-03,1,Full-Time,Operations,Austin,3075.65,0.00,0.00,0.00,0.00,3075.65,3075.65,3075.65,0.00,153.78,76.89,false,0.00,true,0.00,1.00,52,1973-06-15,2024-01-03,,Active,
E100009,Demo,Participant009,2025-01-17,2,Full-Time,Operations,Austin,3075.65,0.00,0.00,0.00,0.00,3075.65,3075.65,3075.65,0.00,153.78,76.89,false,0.00,true,0.00,1.00,52,1973-06-15,2024-01-03,,Active,
E100009,Demo,Participant009,2025-01-31,3,Full-Time,Operations,Austin,3075.65,0.00,0.00,0.00,0.00,3075.65,3075.65,3075.65,0.00,153.78,76.89,false,0.00,true,0.00,1.00,52,1973-06-15,2024-01-03,,Active,
E100009,Demo,Participant009,2025-02-14,4,Full-Time,Operations,Austin,3075.65,0.00,0.00,0.00,0.00,3075.65,3075.65,3075.65,0.00,153.78,76.89,false,0.00,true,0.00,1.00,52,1973-06-15,2024-01-03,,Active,
E100009,Demo,Participant009,2025-02-28,5,Full-Time,Operations,Austin,3075.65,0.00,0.00,0.00,0.00,3075.65,3075.65,3075.65,0.00,153.78,76.89,false,0.00,true,0.00,1.00,52,1973-06-15,2024-01-03,,Active,
E100009,Demo,Participant009,2025-03-14,6,Full-Time,Operations,Austin,3075.65,0.00,0.00,0.00,0.00,3075.65,3075.65,3075.65,0.00,153.78,76.89,false,0.00,true,850.00,0.00,52,1973-06-15,2024-01-03,,Active,
E100009,Demo,Participant009,2025-03-28,7,Full-Time,Operations,Austin,3075.65,0.00,0.00,0.00,0.00,3075.65,3075.65,3075.65,0.00,153.78,76.89,false,0.00,true,0.00,1.00,52,1973-06-15,2024-01-03,,Active,
E100009,Demo,Participant009,2025-04-11,8,Full-Time,Operations,Austin,3075.65,0.00,0.00,0.00,0.00,3075.65,3075.65,3075.65,0.00,153.78,76.89,false,0.00,true,0.00,1.00,52,1973-06-15,2024-01-03,,Active,
E100010,Demo,Participant010,2025-01-03,1,Full-Time,Finance,Charlotte,3149.35,0.00,0.00,0.00,0.00,3149.35,3149.35,3149.35,118.10,39.37,78.73,false,0.00,false,0.00,0.00,41,1984-06-15,2024-01-03,,Active,
E100010,Demo,Participant010,2025-01-17,2,Full-Time,Finance,Charlotte,3149.35,0.00,0.00,35.00,0.00,3184.35,3184.35,3149.35,118.10,39.37,78.73,false,0.00,false,0.00,0.00,41,1984-06-15,2024-01-03,,Active,
E100010,Demo,Participant010,2025-01-31,3,Full-Time,Finance,Charlotte,3149.35,0.00,0.00,0.00,0.00,3149.35,3149.35,3149.35,118.10,39.37,78.73,false,0.00,false,0.00,0.00,41,1984-06-15,2024-01-03,,Active,
E100010,Demo,Participant010,2025-02-14,4,Full-Time,Finance,Charlotte,3149.35,0.00,0.00,0.00,0.00,3149.35,3149.35,3149.35,118.10,39.37,78.73,false,0.00,false,0.00,0.00,41,1984-06-15,2024-01-03,,Active,
E100010,Demo,Participant010,2025-02-28,5,Full-Time,Finance,Charlotte,3149.35,0.00,0.00,0.00,0.00,3149.35,3149.35,3149.35,118.10,39.37,78.73,false,0.00,false,0.00,0.00,41,1984-06-15,2024-01-03,,Active,
E100010,Demo,Participant010,2025-03-14,6,Full-Time,Finance,Charlotte,3149.35,0.00,0.00,0.00,0.00,3149.35,3149.35,3149.35,118.10,39.37,3.73,false,0.00,false,0.00,0.00,41,1984-06-15,2024-01-03,,Active,
E100010,Demo,Participant010,2025-03-28,7,Full-Time,Finance,Charlotte,3149.35,0.00,0.00,0.00,0.00,3149.35,3149.35,3149.35,118.10,39.37,78.73,false,0.00,false,0.00,0.00,41,1984-06-15,2024-01-03,,Active,
E100010,Demo,Participant010,2025-04-11,8,Full-Time,Finance,Charlotte,3149.35,0.00,0.00,0.00,0.00,3149.35,3149.35,3149.35,118.10,39.37,78.73,false,0.00,false,0.00,0.00,41,1984-06-15,2024-01-03,,Active,
E100011,Demo,Participant011,2025-01-03,1,Full-Time,Sales,Chicago,3224.42,0.00,0.00,0.00,0.00,3224.42,3224.42,3224.42,161.22,0.00,80.61,false,0.00,false,0.00,0.00,42,1983-06-15,2024-01-03,,Active,
E100011,Demo,Participant011,2025-01-17,2,Full-Time,Sales,Chicago,3224.42,0.00,0.00,0.00,0.00,3224.42,3224.42,3224.42,161.22,0.00,80.61,false,0.00,false,0.00,0.00,42,1983-06-15,2024-01-03,,Active,
E100011,Demo,Participant011,2025-01-31,3,Full-Time,Sales,Chicago,3224.42,0.00,0.00,0.00,0.00,3224.42,3224.42,3224.42,161.22,0.00,80.61,false,0.00,false,0.00,0.00,42,1983-06-15,2024-01-03,,Active,
E100011,Demo,Participant011,2025-02-14,4,Full-Time,Sales,Chicago,3224.42,0.00,0.00,0.00,0.00,3224.42,3224.42,3224.42,161.22,0.00,80.61,false,0.00,false,0.00,0.00,42,1983-06-15,2024-01-03,,Active,
E100011,Demo,Participant011,2025-02-28,5,Full-Time,Sales,Chicago,3224.42,0.00,0.00,0.00,0.00,3224.42,3224.42,3224.42,161.22,0.00,80.61,false,0.00,false,0.00,0.00,42,1983-06-15,2024-01-03,,Active,
E100011,Demo,Participant011,2025-03-14,6,Full-Time,Sales,Chicago,3224.42,0.00,0.00,0.00,0.00,3224.42,3224.42,3224.42,161.22,0.00,170.61,false,0.00,false,0.00,0.00,42,1983-06-15,2024-01-03,,Active,
E100011,Demo,Participant011,2025-03-28,7,Full-Time,Sales,Chicago,3224.42,0.00,0.00,0.00,0.00,3224.42,3224.42,3224.42,161.22,0.00,80.61,false,0.00,false,0.00,0.00,42,1983-06-15,2024-01-03,,Active,
E100011,Demo,Participant011,2025-04-11,8,Full-Time,Sales,Chicago,3224.42,0.00,0.00,0.00,0.00,3224.42,3224.42,3224.42,161.22,0.00,80.61,false,0.00,false,0.00,0.00,42,1983-06-15,2024-01-03,,Active,
E100012,Demo,Participant012,2025-01-03,1,Full-Time,Engineering,Denver,3290.92,0.00,0.00,0.00,0.00,3290.92,3290.92,3290.92,164.55,0.00,82.27,false,0.00,false,0.00,0.00,43,1982-06-15,2024-01-03,,Active,
E100012,Demo,Participant012,2025-01-17,2,Full-Time,Engineering,Denver,3290.92,0.00,0.00,0.00,0.00,3290.92,3290.92,3290.92,164.55,0.00,82.27,false,0.00,false,0.00,0.00,43,1982-06-15,2024-01-03,,Active,
E100012,Demo,Participant012,2025-01-31,3,Full-Time,Engineering,Denver,3290.92,0.00,0.00,0.00,45.00,3335.92,3335.92,3290.92,164.55,0.00,82.27,false,0.00,false,0.00,0.00,43,1982-06-15,2024-01-03,,Active,
E100012,Demo,Participant012,2025-02-14,4,Full-Time,Engineering,Denver,3290.92,0.00,0.00,0.00,0.00,3290.92,3290.92,3290.92,164.55,0.00,82.27,false,0.00,false,0.00,0.00,43,1982-06-15,2024-01-03,,Active,
E100012,Demo,Participant012,2025-02-28,5,Full-Time,Engineering,Denver,3290.92,0.00,0.00,0.00,0.00,3290.92,3290.92,3290.92,164.55,0.00,82.27,false,0.00,false,0.00,0.00,43,1982-06-15,2024-01-03,,Active,
E100012,Demo,Participant012,2025-03-14,6,Full-Time,Engineering,Denver,3290.92,0.00,0.00,0.00,0.00,3290.92,3290.92,3290.92,164.55,0.00,82.27,false,0.00,false,0.00,0.00,43,1982-06-15,2024-01-03,,Active,
E100012,Demo,Participant012,2025-03-28,7,Full-Time,Engineering,Denver,3290.92,0.00,0.00,0.00,0.00,3290.92,3290.92,3290.92,164.55,0.00,82.27,false,0.00,false,0.00,0.00,43,1982-06-15,2024-01-03,,Active,
E100012,Demo,Participant012,2025-04-11,8,Full-Time,Engineering,Denver,3290.92,0.00,0.00,0.00,0.00,3290.92,3290.92,3290.92,164.55,0.00,82.27,false,0.00,false,0.00,0.00,43,1982-06-15,2024-01-03,,Active,
E100013,Demo,Participant013,2025-01-03,1,Full-Time,Clinical,Phoenix,3355.42,0.00,0.00,0.00,0.00,3355.42,3355.42,3355.42,125.83,41.94,83.89,false,0.00,false,0.00,0.00,44,1981-06-15,2024-01-03,,Active,
E100013,Demo,Participant013,2025-01-17,2,Full-Time,Clinical,Phoenix,3355.42,0.00,0.00,0.00,0.00,3355.42,3355.42,3355.42,125.83,41.94,83.89,false,0.00,false,0.00,0.00,44,1981-06-15,2024-01-03,,Active,
E100013,Demo,Participant013,2025-01-31,3,Full-Time,Clinical,Phoenix,3355.42,0.00,0.00,0.00,0.00,3355.42,3355.42,3355.42,125.83,41.94,83.89,false,0.00,false,0.00,0.00,44,1981-06-15,2024-01-03,,Active,
E100013,Demo,Participant013,2025-02-14,4,Full-Time,Clinical,Phoenix,3355.42,0.00,0.00,0.00,0.00,3355.42,3355.42,3355.42,125.83,41.94,83.89,false,0.00,false,0.00,0.00,44,1981-06-15,2024-01-03,,Active,
E100013,Demo,Participant013,2025-02-28,5,Full-Time,Clinical,Phoenix,3355.42,0.00,0.00,0.00,0.00,3355.42,3355.42,3355.42,125.83,41.94,83.89,false,0.00,false,0.00,0.00,44,1981-06-15,2024-01-03,,Active,
E100013,Demo,Participant013,2025-03-14,6,Full-Time,Clinical,Phoenix,3355.42,0.00,0.00,0.00,0.00,3355.42,3355.42,3355.42,125.83,41.94,83.89,false,0.00,false,0.00,0.00,44,1981-06-15,2024-01-03,,Active,
E100013,Demo,Participant013,2025-03-28,7,Full-Time,Clinical,Phoenix,3355.42,0.00,0.00,0.00,0.00,3355.42,3355.42,3355.42,125.83,41.94,83.89,false,0.00,false,0.00,0.00,44,1981-06-15,2024-01-03,,Active,
E100013,Demo,Participant013,2025-04-11,8,Full-Time,Clinical,Phoenix,3355.42,0.00,0.00,0.00,0.00,3355.42,3355.42,3355.42,125.83,41.94,83.89,false,0.00,false,0.00,0.00,44,1981-06-15,2024-01-03,,Active,
E100014,Demo,Participant014,2025-01-03,1,Full-Time,Logistics,Raleigh,3426.62,0.00,0.00,0.00,0.00,3426.62,3426.62,3426.62,171.33,0.00,85.67,false,0.00,false,0.00,0.00,45,1980-06-15,2024-01-03,,Active,
E100014,Demo,Participant014,2025-01-17,2,Full-Time,Logistics,Raleigh,3426.62,0.00,0.00,0.00,0.00,3426.62,3426.62,3426.62,171.33,0.00,85.67,false,0.00,false,0.00,0.00,45,1980-06-15,2024-01-03,,Active,
E100014,Demo,Participant014,2025-01-31,3,Full-Time,Logistics,Raleigh,3426.62,0.00,0.00,0.00,0.00,3426.62,3426.62,3426.62,171.33,0.00,85.67,false,0.00,false,0.00,0.00,45,1980-06-15,2024-01-03,,Active,
E100014,Demo,Participant014,2025-02-14,4,Full-Time,Logistics,Raleigh,3426.62,0.00,0.00,0.00,0.00,3426.62,3426.62,3426.62,171.33,0.00,85.67,false,0.00,false,0.00,0.00,45,1980-06-15,2024-01-03,,Active,
E100014,Demo,Participant014,2025-02-28,5,Full-Time,Logistics,Raleigh,3426.62,0.00,0.00,0.00,0.00,3426.62,3426.62,3426.62,171.33,0.00,85.67,false,0.00,false,0.00,0.00,45,1980-06-15,2024-01-03,,Active,
E100014,Demo,Participant014,2025-03-14,6,Full-Time,Logistics,Raleigh,3426.62,0.00,0.00,0.00,0.00,3426.62,3426.62,3426.62,171.33,0.00,85.67,false,0.00,false,0.00,0.00,45,1980-06-15,2024-01-03,,Active,
E100014,Demo,Participant014,2025-03-28,7,Full-Time,Logistics,Raleigh,3426.62,0.00,0.00,0.00,0.00,3426.62,3426.62,3426.62,171.33,0.00,85.67,false,0.00,false,0.00,0.00,45,1980-06-15,2024-01-03,,Active,
E100014,Demo,Participant014,2025-04-11,8,Full-Time,Logistics,Raleigh,3426.62,0.00,0.00,0.00,0.00,3426.62,3426.62,3426.62,171.33,0.00,85.67,false,0.00,false,0.00,0.00,45,1980-06-15,2024-01-03,,Active,
E100015,Demo,Participant015,2025-01-03,1,Full-Time,Customer Care,Remote,3502.81,0.00,0.00,0.00,0.00,3502.81,3502.81,3502.81,175.14,0.00,87.57,false,0.00,false,0.00,0.00,46,1979-06-15,2024-01-03,,Active,
E100015,Demo,Participant015,2025-01-17,2,Full-Time,Customer Care,Remote,3502.81,0.00,0.00,0.00,0.00,3502.81,3502.81,3502.81,175.14,0.00,87.57,false,0.00,false,0.00,0.00,46,1979-06-15,2024-01-03,,Active,
E100015,Demo,Participant015,2025-01-31,3,Full-Time,Customer Care,Remote,3502.81,0.00,0.00,0.00,0.00,3502.81,3502.81,3502.81,175.14,0.00,87.57,false,0.00,false,0.00,0.00,46,1979-06-15,2024-01-03,,Active,
E100015,Demo,Participant015,2025-02-14,4,Full-Time,Customer Care,Remote,3502.81,0.00,0.00,0.00,0.00,3502.81,3502.81,3502.81,175.14,0.00,87.57,false,0.00,false,0.00,0.00,46,1979-06-15,2024-01-03,,Active,
E100015,Demo,Participant015,2025-02-28,5,Full-Time,Customer Care,Remote,3502.81,0.00,0.00,0.00,0.00,3502.81,3502.81,3502.81,175.14,0.00,87.57,false,0.00,false,0.00,0.00,46,1979-06-15,2024-01-03,,Active,
E100015,Demo,Participant015,2025-03-14,6,Full-Time,Customer Care,Remote,3502.81,0.00,0.00,0.00,0.00,3502.81,3502.81,3502.81,175.14,0.00,87.57,false,0.00,false,0.00,0.00,46,1979-06-15,2024-01-03,,Active,
E100015,Demo,Participant015,2025-03-28,7,Full-Time,Customer Care,Remote,3502.81,0.00,0.00,0.00,0.00,3502.81,3502.81,3502.81,175.14,0.00,87.57,false,0.00,false,0.00,0.00,46,1979-06-15,2024-01-03,,Active,
E100015,Demo,Participant015,2025-04-11,8,Full-Time,Customer Care,Remote,3502.81,0.00,0.00,0.00,0.00,3502.81,3502.81,3502.81,175.14,0.00,87.57,false,0.00,false,0.00,0.00,46,1979-06-15,2024-01-03,,Active,
E100016,Demo,Participant016,2025-01-03,1,Part-Time,HR,Seattle,3573.35,0.00,0.00,0.00,0.00,3573.35,3573.35,3573.35,134.00,44.67,89.33,false,0.00,false,0.00,0.00,32,1993-06-15,2024-01-03,,Active,
E100016,Demo,Participant016,2025-01-17,2,Part-Time,HR,Seattle,3573.35,0.00,0.00,0.00,0.00,3573.35,3573.35,3573.35,134.00,44.67,89.33,false,0.00,false,0.00,0.00,32,1993-06-15,2024-01-03,,Active,
E100016,Demo,Participant016,2025-01-31,3,Part-Time,HR,Seattle,3573.35,0.00,0.00,0.00,0.00,3573.35,3573.35,3573.35,134.00,44.67,89.33,false,0.00,false,0.00,0.00,32,1993-06-15,2024-01-03,,Active,
E100016,Demo,Participant016,2025-02-14,4,Part-Time,HR,Seattle,3573.35,0.00,0.00,0.00,0.00,3573.35,3573.35,3573.35,134.00,44.67,89.33,false,0.00,false,0.00,0.00,32,1993-06-15,2024-01-03,,Active,
E100016,Demo,Participant016,2025-02-28,5,Part-Time,HR,Seattle,3573.35,0.00,0.00,0.00,0.00,3573.35,3573.35,3573.35,134.00,44.67,89.33,false,0.00,false,0.00,0.00,32,1993-06-15,2024-01-03,,Active,
E100016,Demo,Participant016,2025-03-14,6,Part-Time,HR,Seattle,3573.35,0.00,0.00,0.00,0.00,3573.35,3573.35,3573.35,134.00,44.67,89.33,false,0.00,false,0.00,0.00,32,1993-06-15,2024-01-03,,Active,
E100016,Demo,Participant016,2025-03-28,7,Part-Time,HR,Seattle,3573.35,0.00,0.00,0.00,0.00,3573.35,3573.35,3573.35,134.00,44.67,89.33,false,0.00,false,0.00,0.00,32,1993-06-15,2024-01-03,,Active,
E100016,Demo,Participant016,2025-04-11,8,Part-Time,HR,Seattle,3573.35,0.00,0.00,0.00,0.00,3573.35,3573.35,3573.35,134.00,44.67,89.33,false,0.00,false,0.00,0.00,32,1993-06-15,2024-01-03,,Active,
E100017,Demo,Participant017,2025-01-03,1,Full-Time,Operations,Austin,3646.65,0.00,0.00,0.00,0.00,3646.65,3646.65,3646.65,182.33,0.00,91.17,false,0.00,false,0.00,0.00,33,1992-06-15,2024-01-03,,Active,
E100017,Demo,Participant017,2025-01-17,2,Full-Time,Operations,Austin,3646.65,0.00,0.00,0.00,0.00,3646.65,3646.65,3646.65,182.33,0.00,91.17,false,0.00,false,0.00,0.00,33,1992-06-15,2024-01-03,,Active,
E100017,Demo,Participant017,2025-01-31,3,Full-Time,Operations,Austin,3646.65,0.00,0.00,0.00,0.00,3646.65,3646.65,3646.65,182.33,0.00,91.17,false,0.00,false,0.00,0.00,33,1992-06-15,2024-01-03,,Active,
E100017,Demo,Participant017,2025-02-14,4,Full-Time,Operations,Austin,3646.65,0.00,0.00,0.00,0.00,3646.65,3646.65,3646.65,182.33,0.00,91.17,false,0.00,false,0.00,0.00,33,1992-06-15,2024-01-03,,Active,
E100017,Demo,Participant017,2025-02-28,5,Full-Time,Operations,Austin,3646.65,0.00,0.00,0.00,0.00,3646.65,3646.65,3646.65,182.33,0.00,91.17,false,0.00,false,0.00,0.00,33,1992-06-15,2024-01-03,,Active,
E100017,Demo,Participant017,2025-03-14,6,Full-Time,Operations,Austin,3646.65,0.00,0.00,0.00,0.00,3646.65,3646.65,3646.65,182.33,0.00,91.17,false,0.00,false,0.00,0.00,33,1992-06-15,2024-01-03,,Active,
E100017,Demo,Participant017,2025-03-28,7,Full-Time,Operations,Austin,3646.65,0.00,0.00,0.00,0.00,3646.65,3646.65,3646.65,182.33,0.00,91.17,false,0.00,false,0.00,0.00,33,1992-06-15,2024-01-03,,Active,
E100017,Demo,Participant017,2025-04-11,8,Full-Time,Operations,Austin,3646.65,0.00,0.00,0.00,0.00,3646.65,3646.65,3646.65,182.33,0.00,91.17,false,0.00,false,0.00,0.00,33,1992-06-15,2024-01-03,,Active,
E100018,Demo,Participant018,2025-01-03,1,Full-Time,Finance,Charlotte,3711.54,0.00,0.00,0.00,0.00,3711.54,3711.54,3711.54,185.58,0.00,92.79,false,0.00,false,0.00,0.00,34,1991-06-15,2024-01-03,,Active,
E100018,Demo,Participant018,2025-01-17,2,Full-Time,Finance,Charlotte,3711.54,0.00,0.00,0.00,0.00,3711.54,3711.54,3711.54,185.58,0.00,92.79,false,0.00,false,0.00,0.00,34,1991-06-15,2024-01-03,,Active,
E100018,Demo,Participant018,2025-01-31,3,Full-Time,Finance,Charlotte,3711.54,0.00,0.00,0.00,0.00,3711.54,3711.54,3711.54,185.58,0.00,92.79,false,0.00,false,0.00,0.00,34,1991-06-15,2024-01-03,,Active,
E100018,Demo,Participant018,2025-02-14,4,Full-Time,Finance,Charlotte,3711.54,0.00,0.00,0.00,0.00,3711.54,3711.54,3711.54,185.58,0.00,92.79,false,0.00,false,0.00,0.00,34,1991-06-15,2024-01-03,,Active,
E100018,Demo,Participant018,2025-02-28,5,Full-Time,Finance,Charlotte,3711.54,0.00,0.00,0.00,0.00,3711.54,3711.54,3711.54,185.58,0.00,92.79,false,0.00,false,0.00,0.00,34,1991-06-15,2024-01-03,,Active,
E100018,Demo,Participant018,2025-03-14,6,Full-Time,Finance,Charlotte,3711.54,0.00,0.00,0.00,0.00,3711.54,3711.54,3711.54,185.58,0.00,92.79,false,0.00,false,0.00,0.00,34,1991-06-15,2024-01-03,,Active,
E100018,Demo,Participant018,2025-03-28,7,Full-Time,Finance,Charlotte,3711.54,0.00,0.00,0.00,0.00,3711.54,3711.54,3711.54,185.58,0.00,92.79,false,0.00,false,0.00,0.00,34,1991-06-15,2024-01-03,,Active,
E100018,Demo,Participant018,2025-04-11,8,Full-Time,Finance,Charlotte,3711.54,0.00,0.00,0.00,0.00,3711.54,3711.54,3711.54,185.58,0.00,92.79,false,0.00,false,0.00,0.00,34,1991-06-15,2024-01-03,,Active,
E100019,Demo,Participant019,2025-01-03,1,Full-Time,Sales,Chicago,3783.81,0.00,0.00,0.00,0.00,3783.81,3783.81,3783.81,141.89,47.30,94.60,false,0.00,false,0.00,0.00,35,1990-06-15,2024-01-03,,Active,
E100019,Demo,Participant019,2025-01-17,2,Full-Time,Sales,Chicago,3783.81,0.00,0.00,35.00,0.00,3818.81,3818.81,3783.81,141.89,47.30,94.60,false,0.00,false,0.00,0.00,35,1990-06-15,2024-01-03,,Active,
E100019,Demo,Participant019,2025-01-31,3,Full-Time,Sales,Chicago,3783.81,0.00,0.00,0.00,0.00,3783.81,3783.81,3783.81,141.89,47.30,94.60,false,0.00,false,0.00,0.00,35,1990-06-15,2024-01-03,,Active,
E100019,Demo,Participant019,2025-02-14,4,Full-Time,Sales,Chicago,3783.81,0.00,0.00,0.00,0.00,3783.81,3783.81,3783.81,141.89,47.30,94.60,false,0.00,false,0.00,0.00,35,1990-06-15,2024-01-03,,Active,
E100019,Demo,Participant019,2025-02-28,5,Full-Time,Sales,Chicago,3783.81,0.00,0.00,0.00,0.00,3783.81,3783.81,3783.81,141.89,47.30,94.60,false,0.00,false,0.00,0.00,35,1990-06-15,2024-01-03,,Active,
E100019,Demo,Participant019,2025-03-14,6,Full-Time,Sales,Chicago,3783.81,0.00,0.00,0.00,0.00,3783.81,3783.81,3783.81,141.89,47.30,94.60,false,0.00,false,0.00,0.00,35,1990-06-15,2024-01-03,,Active,
E100019,Demo,Participant019,2025-03-28,7,Full-Time,Sales,Chicago,3783.81,0.00,0.00,0.00,0.00,3783.81,3783.81,3783.81,141.89,47.30,94.60,false,0.00,false,0.00,0.00,35,1990-06-15,2024-01-03,,Active,
E100019,Demo,Participant019,2025-04-11,8,Full-Time,Sales,Chicago,3783.81,0.00,0.00,0.00,0.00,3783.81,3783.81,3783.81,141.89,47.30,94.60,false,0.00,false,0.00,0.00,35,1990-06-15,2024-01-03,,Active,
E100020,Demo,Participant020,2025-01-03,1,Full-Time,Engineering,Denver,3857.12,0.00,0.00,0.00,0.00,3857.12,3857.12,3857.12,192.86,0.00,96.43,false,0.00,false,0.00,0.00,36,1989-06-15,2024-01-03,,Active,
E100020,Demo,Participant020,2025-01-17,2,Full-Time,Engineering,Denver,3857.12,0.00,0.00,0.00,0.00,3857.12,3857.12,3857.12,192.86,0.00,96.43,false,0.00,false,0.00,0.00,36,1989-06-15,2024-01-03,,Active,
E100020,Demo,Participant020,2025-01-31,3,Full-Time,Engineering,Denver,3857.12,0.00,0.00,0.00,0.00,3857.12,3857.12,3857.12,192.86,0.00,96.43,false,0.00,false,0.00,0.00,36,1989-06-15,2024-01-03,,Active,
E100020,Demo,Participant020,2025-02-14,4,Full-Time,Engineering,Denver,3857.12,0.00,0.00,0.00,0.00,3857.12,3857.12,3857.12,192.86,0.00,96.43,false,0.00,false,0.00,0.00,36,1989-06-15,2024-01-03,,Active,
E100020,Demo,Participant020,2025-02-28,5,Full-Time,Engineering,Denver,3857.12,0.00,0.00,0.00,0.00,3857.12,3857.12,3857.12,192.86,0.00,96.43,false,0.00,false,0.00,0.00,36,1989-06-15,2024-01-03,,Active,
E100020,Demo,Participant020,2025-03-14,6,Full-Time,Engineering,Denver,3857.12,0.00,0.00,0.00,0.00,3857.12,3857.12,3857.12,192.86,0.00,96.43,false,0.00,false,0.00,0.00,36,1989-06-15,2024-01-03,,Active,
E100020,Demo,Participant020,2025-03-28,7,Full-Time,Engineering,Denver,3857.12,0.00,0.00,0.00,0.00,3857.12,3857.12,3857.12,192.86,0.00,96.43,false,0.00,false,0.00,0.00,36,1989-06-15,2024-01-03,,Active,
E100020,Demo,Participant020,2025-04-11,8,Full-Time,Engineering,Denver,3857.12,0.00,0.00,0.00,0.00,3857.12,3857.12,3857.12,192.86,0.00,96.43,false,0.00,false,0.00,0.00,36,1989-06-15,2024-01-03,,Active,
E100021,Demo,Participant021,2025-01-03,1,Part-Time,Clinical,Phoenix,2512.31,0.00,0.00,0.00,0.00,2512.31,2512.31,2512.31,125.62,0.00,62.81,false,85.00,false,0.00,0.00,37,1988-06-15,2024-01-03,,Active,
E100021,Demo,Participant021,2025-01-17,2,Part-Time,Clinical,Phoenix,2512.31,0.00,0.00,0.00,0.00,2512.31,2512.31,2512.31,125.62,0.00,62.81,false,85.00,false,0.00,0.00,37,1988-06-15,2024-01-03,,Active,
E100021,Demo,Participant021,2025-01-31,3,Part-Time,Clinical,Phoenix,2512.31,0.00,0.00,0.00,0.00,2512.31,2512.31,2512.31,125.62,0.00,62.81,false,85.00,false,0.00,0.00,37,1988-06-15,2024-01-03,,Active,
E100021,Demo,Participant021,2025-02-14,4,Part-Time,Clinical,Phoenix,2512.31,0.00,0.00,0.00,0.00,2512.31,2512.31,2512.31,125.62,0.00,62.81,false,85.00,false,0.00,0.00,37,1988-06-15,2024-01-03,,Active,
E100021,Demo,Participant021,2025-02-28,5,Part-Time,Clinical,Phoenix,2512.31,0.00,0.00,0.00,0.00,2512.31,2512.31,2512.31,125.62,0.00,62.81,false,85.00,false,0.00,0.00,37,1988-06-15,2024-01-03,,Active,
E100021,Demo,Participant021,2025-03-14,6,Part-Time,Clinical,Phoenix,2512.31,0.00,0.00,0.00,0.00,2512.31,2512.31,2512.31,125.62,0.00,62.81,false,85.00,false,0.00,0.00,37,1988-06-15,2024-01-03,,Active,
E100021,Demo,Participant021,2025-03-28,7,Part-Time,Clinical,Phoenix,2512.31,0.00,0.00,0.00,0.00,2512.31,2512.31,2512.31,125.62,0.00,62.81,false,85.00,false,0.00,0.00,37,1988-06-15,2024-01-03,,Active,
E100021,Demo,Participant021,2025-04-11,8,Part-Time,Clinical,Phoenix,2512.31,0.00,0.00,0.00,0.00,2512.31,2512.31,2512.31,125.62,0.00,62.81,false,85.00,false,0.00,0.00,37,1988-06-15,2024-01-03,,Active,
E100022,Demo,Participant022,2025-01-03,1,Full-Time,Logistics,Raleigh,2577.38,0.00,0.00,0.00,0.00,2577.38,2577.38,2577.38,96.65,32.22,64.43,false,85.00,false,0.00,0.00,38,1987-06-15,2024-01-03,,Active,
E100022,Demo,Participant022,2025-01-17,2,Full-Time,Logistics,Raleigh,2577.38,0.00,0.00,0.00,0.00,2577.38,2577.38,2577.38,96.65,32.22,64.43,false,85.00,false,0.00,0.00,38,1987-06-15,2024-01-03,,Active,
E100022,Demo,Participant022,2025-01-31,3,Full-Time,Logistics,Raleigh,2577.38,0.00,0.00,0.00,0.00,2577.38,2577.38,2577.38,96.65,32.22,64.43,false,85.00,false,0.00,0.00,38,1987-06-15,2024-01-03,,Active,
E100022,Demo,Participant022,2025-02-14,4,Full-Time,Logistics,Raleigh,2577.38,0.00,0.00,0.00,0.00,2577.38,2577.38,2577.38,96.65,32.22,64.43,false,85.00,false,0.00,0.00,38,1987-06-15,2024-01-03,,Active,
E100022,Demo,Participant022,2025-02-28,5,Full-Time,Logistics,Raleigh,2577.38,0.00,0.00,0.00,0.00,2577.38,2577.38,2577.38,96.65,32.22,64.43,false,85.00,false,0.00,0.00,38,1987-06-15,2024-01-03,,Active,
E100022,Demo,Participant022,2025-03-14,6,Full-Time,Logistics,Raleigh,2577.38,0.00,0.00,0.00,0.00,2577.38,2577.38,2577.38,96.65,32.22,64.43,false,85.00,false,0.00,0.00,38,1987-06-15,2024-01-03,,Active,
E100022,Demo,Participant022,2025-03-28,7,Full-Time,Logistics,Raleigh,2577.38,0.00,0.00,0.00,0.00,2577.38,2577.38,2577.38,96.65,32.22,64.43,false,85.00,false,0.00,0.00,38,1987-06-15,2024-01-03,,Active,
E100022,Demo,Participant022,2025-04-11,8,Full-Time,Logistics,Raleigh,2577.38,0.00,0.00,0.00,0.00,2577.38,2577.38,2577.38,96.65,32.22,64.43,false,85.00,false,0.00,0.00,38,1987-06-15,2024-01-03,,Active,
E100023,Demo,Participant023,2025-01-03,1,Full-Time,Customer Care,Remote,2648.96,0.00,0.00,0.00,0.00,2648.96,2648.96,2648.96,132.45,0.00,66.22,false,85.00,false,0.00,0.00,39,1986-06-15,2024-01-03,,Active,
E100023,Demo,Participant023,2025-01-17,2,Full-Time,Customer Care,Remote,2648.96,0.00,0.00,0.00,0.00,2648.96,2648.96,2648.96,132.45,0.00,66.22,false,85.00,false,0.00,0.00,39,1986-06-15,2024-01-03,,Active,
E100023,Demo,Participant023,2025-01-31,3,Full-Time,Customer Care,Remote,2648.96,0.00,0.00,0.00,45.00,2693.96,2693.96,2648.96,132.45,0.00,66.22,false,85.00,false,0.00,0.00,39,1986-06-15,2024-01-03,,Active,
E100023,Demo,Participant023,2025-02-14,4,Full-Time,Customer Care,Remote,2648.96,0.00,0.00,0.00,0.00,2648.96,2648.96,2648.96,132.45,0.00,66.22,false,85.00,false,0.00,0.00,39,1986-06-15,2024-01-03,,Active,
E100023,Demo,Participant023,2025-02-28,5,Full-Time,Customer Care,Remote,2648.96,0.00,0.00,0.00,0.00,2648.96,2648.96,2648.96,132.45,0.00,66.22,false,85.00,false,0.00,0.00,39,1986-06-15,2024-01-03,,Active,
E100023,Demo,Participant023,2025-03-14,6,Full-Time,Customer Care,Remote,2648.96,0.00,0.00,0.00,0.00,2648.96,2648.96,2648.96,132.45,0.00,66.22,false,85.00,false,0.00,0.00,39,1986-06-15,2024-01-03,,Active,
E100023,Demo,Participant023,2025-03-28,7,Full-Time,Customer Care,Remote,2648.96,0.00,0.00,0.00,0.00,2648.96,2648.96,2648.96,132.45,0.00,66.22,false,85.00,false,0.00,0.00,39,1986-06-15,2024-01-03,,Active,
E100023,Demo,Participant023,2025-04-11,8,Full-Time,Customer Care,Remote,2648.96,0.00,0.00,0.00,0.00,2648.96,2648.96,2648.96,132.45,0.00,66.22,false,85.00,false,0.00,0.00,39,1986-06-15,2024-01-03,,Active,
E100024,Demo,Participant024,2025-01-03,1,Full-Time,HR,Seattle,2720.27,0.00,0.00,0.00,0.00,2720.27,2720.27,2720.27,136.01,0.00,68.01,false,85.00,false,0.00,0.00,40,1985-06-15,2024-01-03,,Active,
E100024,Demo,Participant024,2025-01-17,2,Full-Time,HR,Seattle,2720.27,0.00,0.00,0.00,0.00,2720.27,2720.27,2720.27,136.01,0.00,68.01,false,85.00,false,0.00,0.00,40,1985-06-15,2024-01-03,,Active,
E100024,Demo,Participant024,2025-01-31,3,Full-Time,HR,Seattle,2720.27,0.00,0.00,0.00,0.00,2720.27,2720.27,2720.27,136.01,0.00,68.01,false,85.00,false,0.00,0.00,40,1985-06-15,2024-01-03,,Active,
E100024,Demo,Participant024,2025-02-14,4,Full-Time,HR,Seattle,2720.27,0.00,0.00,0.00,0.00,2720.27,2720.27,2720.27,136.01,0.00,68.01,false,85.00,false,0.00,0.00,40,1985-06-15,2024-01-03,,Active,
E100024,Demo,Participant024,2025-02-28,5,Full-Time,HR,Seattle,2720.27,0.00,0.00,0.00,0.00,2720.27,2720.27,2720.27,136.01,0.00,68.01,false,85.00,false,0.00,0.00,40,1985-06-15,2024-01-03,,Active,
E100024,Demo,Participant024,2025-03-14,6,Full-Time,HR,Seattle,2720.27,0.00,0.00,0.00,0.00,2720.27,2720.27,2720.27,136.01,0.00,68.01,false,85.00,false,0.00,0.00,40,1985-06-15,2024-01-03,,Active,
E100024,Demo,Participant024,2025-03-28,7,Full-Time,HR,Seattle,2720.27,0.00,0.00,0.00,0.00,2720.27,2720.27,2720.27,136.01,0.00,68.01,false,85.00,false,0.00,0.00,40,1985-06-15,2024-01-03,,Active,
E100024,Demo,Participant024,2025-04-11,8,Full-Time,HR,Seattle,2720.27,0.00,0.00,0.00,0.00,2720.27,2720.27,2720.27,136.01,0.00,68.01,false,85.00,false,0.00,0.00,40,1985-06-15,2024-01-03,,Active,
E100025,Demo,Participant025,2025-01-03,1,Full-Time,Operations,Austin,2785.69,0.00,0.00,0.00,0.00,2785.69,2785.69,2785.69,104.46,34.82,69.64,false,0.00,false,0.00,0.00,41,1984-06-15,2024-01-03,,Active,
E100025,Demo,Participant025,2025-01-17,2,Full-Time,Operations,Austin,2785.69,0.00,0.00,0.00,0.00,2785.69,2785.69,2785.69,104.46,34.82,69.64,false,0.00,false,0.00,0.00,41,1984-06-15,2024-01-03,,Active,
E100025,Demo,Participant025,2025-01-31,3,Full-Time,Operations,Austin,2785.69,0.00,0.00,0.00,0.00,2785.69,2785.69,2785.69,104.46,34.82,69.64,false,0.00,false,0.00,0.00,41,1984-06-15,2024-01-03,,Active,
E100025,Demo,Participant025,2025-02-14,4,Full-Time,Operations,Austin,2785.69,0.00,0.00,0.00,0.00,2785.69,2785.69,2785.69,104.46,34.82,69.64,false,0.00,false,0.00,0.00,41,1984-06-15,2024-01-03,,Active,
E100025,Demo,Participant025,2025-02-28,5,Full-Time,Operations,Austin,2785.69,0.00,0.00,0.00,0.00,2785.69,2785.69,2785.69,104.46,34.82,69.64,false,0.00,false,0.00,0.00,41,1984-06-15,2024-01-03,,Active,
E100025,Demo,Participant025,2025-03-14,6,Full-Time,Operations,Austin,2785.69,0.00,0.00,0.00,0.00,2785.69,2785.69,2785.69,104.46,34.82,69.64,false,0.00,false,0.00,0.00,41,1984-06-15,2024-01-03,,Active,
E100025,Demo,Participant025,2025-03-28,7,Full-Time,Operations,Austin,2785.69,0.00,0.00,0.00,0.00,2785.69,2785.69,2785.69,104.46,34.82,69.64,false,0.00,false,0.00,0.00,41,1984-06-15,2024-01-03,,Active,
E100025,Demo,Participant025,2025-04-11,8,Full-Time,Operations,Austin,2785.69,0.00,0.00,0.00,0.00,2785.69,2785.69,2785.69,104.46,34.82,69.64,false,0.00,false,0.00,0.00,41,1984-06-15,2024-01-03,,Active,
E100026,Demo,Participant026,2025-01-03,1,Part-Time,Finance,Charlotte,2867.96,0.00,0.00,0.00,0.00,2867.96,2867.96,2867.96,143.40,0.00,71.70,false,0.00,false,0.00,0.00,42,1983-06-15,2024-01-03,,Active,
E100026,Demo,Participant026,2025-01-17,2,Part-Time,Finance,Charlotte,2867.96,0.00,0.00,0.00,0.00,2867.96,2867.96,2867.96,143.40,0.00,71.70,false,0.00,false,0.00,0.00,42,1983-06-15,2024-01-03,,Active,
E100026,Demo,Participant026,2025-01-31,3,Part-Time,Finance,Charlotte,2867.96,0.00,0.00,0.00,0.00,2867.96,2867.96,2867.96,143.40,0.00,71.70,false,0.00,false,0.00,0.00,42,1983-06-15,2024-01-03,,Active,
E100026,Demo,Participant026,2025-02-14,4,Part-Time,Finance,Charlotte,2867.96,0.00,0.00,0.00,0.00,2867.96,2867.96,2867.96,143.40,0.00,71.70,false,0.00,false,0.00,0.00,42,1983-06-15,2024-01-03,,Active,
E100026,Demo,Participant026,2025-02-28,5,Part-Time,Finance,Charlotte,2867.96,0.00,0.00,0.00,0.00,2867.96,2867.96,2867.96,143.40,0.00,71.70,false,0.00,false,0.00,0.00,42,1983-06-15,2024-01-03,,Active,
E100026,Demo,Participant026,2025-03-14,6,Part-Time,Finance,Charlotte,2867.96,0.00,0.00,0.00,0.00,2867.96,2867.96,2867.96,143.40,0.00,71.70,false,0.00,false,0.00,0.00,42,1983-06-15,2024-01-03,,Active,
E100026,Demo,Participant026,2025-03-28,7,Part-Time,Finance,Charlotte,2867.96,0.00,0.00,0.00,0.00,2867.96,2867.96,2867.96,143.40,0.00,71.70,false,0.00,false,0.00,0.00,42,1983-06-15,2024-01-03,,Active,
E100026,Demo,Participant026,2025-04-11,8,Part-Time,Finance,Charlotte,2867.96,0.00,0.00,0.00,0.00,2867.96,2867.96,2867.96,143.40,0.00,71.70,false,0.00,false,0.00,0.00,42,1983-06-15,2024-01-03,,Active,
E100027,Demo,Participant027,2025-01-03,1,Full-Time,Sales,Chicago,2936.19,0.00,0.00,0.00,0.00,2936.19,2936.19,2936.19,146.81,0.00,73.40,false,0.00,false,0.00,0.00,43,1982-06-15,2024-01-03,,Active,
E100027,Demo,Participant027,2025-01-17,2,Full-Time,Sales,Chicago,2936.19,0.00,0.00,0.00,0.00,2936.19,2936.19,2936.19,146.81,0.00,73.40,false,0.00,false,0.00,0.00,43,1982-06-15,2024-01-03,,Active,
E100027,Demo,Participant027,2025-01-31,3,Full-Time,Sales,Chicago,2936.19,0.00,0.00,0.00,0.00,2936.19,2936.19,2936.19,146.81,0.00,73.40,false,0.00,false,0.00,0.00,43,1982-06-15,2024-01-03,,Active,
E100027,Demo,Participant027,2025-02-14,4,Full-Time,Sales,Chicago,2936.19,0.00,0.00,0.00,0.00,2936.19,2936.19,2936.19,146.81,0.00,73.40,false,0.00,false,0.00,0.00,43,1982-06-15,2024-01-03,,Active,
E100027,Demo,Participant027,2025-02-28,5,Full-Time,Sales,Chicago,2936.19,0.00,0.00,0.00,0.00,2936.19,2936.19,2936.19,146.81,0.00,73.40,false,0.00,false,0.00,0.00,43,1982-06-15,2024-01-03,,Active,
E100027,Demo,Participant027,2025-03-14,6,Full-Time,Sales,Chicago,2936.19,0.00,0.00,0.00,0.00,2936.19,2936.19,2936.19,146.81,0.00,73.40,false,0.00,false,0.00,0.00,43,1982-06-15,2024-01-03,,Active,
E100027,Demo,Participant027,2025-03-28,7,Full-Time,Sales,Chicago,2936.19,0.00,0.00,0.00,0.00,2936.19,2936.19,2936.19,146.81,0.00,73.40,false,0.00,false,0.00,0.00,43,1982-06-15,2024-01-03,,Active,
E100027,Demo,Participant027,2025-04-11,8,Full-Time,Sales,Chicago,2936.19,0.00,0.00,0.00,0.00,2936.19,2936.19,2936.19,146.81,0.00,73.40,false,0.00,false,0.00,0.00,43,1982-06-15,2024-01-03,,Active,
E100028,Demo,Participant028,2025-01-03,1,Full-Time,Engineering,Denver,3005.08,0.00,0.00,0.00,0.00,3005.08,3005.08,3005.08,112.69,37.56,75.13,false,0.00,false,0.00,0.00,44,1981-06-15,2024-01-03,,Active,
E100028,Demo,Participant028,2025-01-17,2,Full-Time,Engineering,Denver,3005.08,0.00,0.00,35.00,0.00,3040.08,3040.08,3005.08,112.69,37.56,75.13,false,0.00,false,0.00,0.00,44,1981-06-15,2024-01-03,,Active,
E100028,Demo,Participant028,2025-01-31,3,Full-Time,Engineering,Denver,3005.08,0.00,0.00,0.00,0.00,3005.08,3005.08,3005.08,112.69,37.56,75.13,false,0.00,false,0.00,0.00,44,1981-06-15,2024-01-03,,Active,
E100028,Demo,Participant028,2025-02-14,4,Full-Time,Engineering,Denver,3005.08,0.00,0.00,0.00,0.00,3005.08,3005.08,3005.08,112.69,37.56,75.13,false,0.00,false,0.00,0.00,44,1981-06-15,2024-01-03,,Active,
E100028,Demo,Participant028,2025-02-28,5,Full-Time,Engineering,Denver,3005.08,0.00,0.00,0.00,0.00,3005.08,3005.08,3005.08,112.69,37.56,75.13,false,0.00,false,0.00,0.00,44,1981-06-15,2024-01-03,,Active,
E100028,Demo,Participant028,2025-03-14,6,Full-Time,Engineering,Denver,3005.08,0.00,0.00,0.00,0.00,3005.08,3005.08,3005.08,112.69,37.56,75.13,false,0.00,false,0.00,0.00,44,1981-06-15,2024-01-03,,Active,
E100028,Demo,Participant028,2025-03-28,7,Full-Time,Engineering,Denver,3005.08,0.00,0.00,0.00,0.00,3005.08,3005.08,3005.08,112.69,37.56,75.13,false,0.00,false,0.00,0.00,44,1981-06-15,2024-01-03,,Active,
E100028,Demo,Participant028,2025-04-11,8,Full-Time,Engineering,Denver,3005.08,0.00,0.00,0.00,0.00,3005.08,3005.08,3005.08,112.69,37.56,75.13,false,0.00,false,0.00,0.00,44,1981-06-15,2024-01-03,,Active,
E100029,Demo,Participant029,2025-01-03,1,Full-Time,Clinical,Phoenix,3076.15,0.00,0.00,0.00,0.00,3076.15,3076.15,3076.15,153.81,0.00,76.90,false,0.00,false,0.00,0.00,45,1980-06-15,2024-01-03,,Active,
E100029,Demo,Participant029,2025-01-17,2,Full-Time,Clinical,Phoenix,3076.15,0.00,0.00,0.00,0.00,3076.15,3076.15,3076.15,153.81,0.00,76.90,false,0.00,false,0.00,0.00,45,1980-06-15,2024-01-03,,Active,
E100029,Demo,Participant029,2025-01-31,3,Full-Time,Clinical,Phoenix,3076.15,0.00,0.00,0.00,0.00,3076.15,3076.15,3076.15,153.81,0.00,76.90,false,0.00,false,0.00,0.00,45,1980-06-15,2024-01-03,,Active,
E100029,Demo,Participant029,2025-02-14,4,Full-Time,Clinical,Phoenix,3076.15,0.00,0.00,0.00,0.00,3076.15,3076.15,3076.15,153.81,0.00,76.90,false,0.00,false,0.00,0.00,45,1980-06-15,2024-01-03,,Active,
E100029,Demo,Participant029,2025-02-28,5,Full-Time,Clinical,Phoenix,3076.15,0.00,0.00,0.00,0.00,3076.15,3076.15,3076.15,153.81,0.00,76.90,false,0.00,false,0.00,0.00,45,1980-06-15,2024-01-03,,Active,
E100029,Demo,Participant029,2025-03-14,6,Full-Time,Clinical,Phoenix,3076.15,0.00,0.00,0.00,0.00,3076.15,3076.15,3076.15,153.81,0.00,76.90,false,0.00,false,0.00,0.00,45,1980-06-15,2024-01-03,,Active,
E100029,Demo,Participant029,2025-03-28,7,Full-Time,Clinical,Phoenix,3076.15,0.00,0.00,0.00,0.00,3076.15,3076.15,3076.15,153.81,0.00,76.90,false,0.00,false,0.00,0.00,45,1980-06-15,2024-01-03,,Active,
E100029,Demo,Participant029,2025-04-11,8,Full-Time,Clinical,Phoenix,3076.15,0.00,0.00,0.00,0.00,3076.15,3076.15,3076.15,153.81,0.00,76.90,false,0.00,false,0.00,0.00,45,1980-06-15,2024-01-03,,Active,
E100030,Demo,Participant030,2025-01-03,1,Full-Time,Logistics,Raleigh,3147.08,0.00,0.00,0.00,0.00,3147.08,3147.08,3147.08,157.35,0.00,78.68,false,0.00,false,0.00,0.00,46,1979-06-15,2024-01-03,,Active,
E100030,Demo,Participant030,2025-01-17,2,Full-Time,Logistics,Raleigh,3147.08,0.00,0.00,0.00,0.00,3147.08,3147.08,3147.08,157.35,0.00,78.68,false,0.00,false,0.00,0.00,46,1979-06-15,2024-01-03,,Active,
E100030,Demo,Participant030,2025-01-31,3,Full-Time,Logistics,Raleigh,3147.08,0.00,0.00,0.00,0.00,3147.08,3147.08,3147.08,157.35,0.00,78.68,false,0.00,false,0.00,0.00,46,1979-06-15,2024-01-03,,Active,
E100030,Demo,Participant030,2025-02-14,4,Full-Time,Logistics,Raleigh,3147.08,0.00,0.00,0.00,0.00,3147.08,3147.08,3147.08,157.35,0.00,78.68,false,0.00,false,0.00,0.00,46,1979-06-15,2024-01-03,,Active,
E100030,Demo,Participant030,2025-02-28,5,Full-Time,Logistics,Raleigh,3147.08,0.00,0.00,0.00,0.00,3147.08,3147.08,3147.08,157.35,0.00,78.68,false,0.00,false,0.00,0.00,46,1979-06-15,2024-01-03,,Active,
E100030,Demo,Participant030,2025-03-14,6,Full-Time,Logistics,Raleigh,3147.08,0.00,0.00,0.00,0.00,3147.08,3147.08,3147.08,157.35,0.00,78.68,false,0.00,false,0.00,0.00,46,1979-06-15,2024-01-03,,Active,
E100030,Demo,Participant030,2025-03-28,7,Full-Time,Logistics,Raleigh,3147.08,0.00,0.00,0.00,0.00,3147.08,3147.08,3147.08,157.35,0.00,78.68,false,0.00,false,0.00,0.00,46,1979-06-15,2024-01-03,,Active,
E100030,Demo,Participant030,2025-04-11,8,Full-Time,Logistics,Raleigh,3147.08,0.00,0.00,0.00,0.00,3147.08,3147.08,3147.08,157.35,0.00,78.68,false,0.00,false,0.00,0.00,46,1979-06-15,2024-01-03,,Active,
E100031,Demo,Participant031,2025-01-03,1,Part-Time,Customer Care,Remote,3221.88,0.00,0.00,0.00,0.00,3221.88,3221.88,3221.88,120.82,40.27,80.55,false,0.00,false,0.00,0.00,32,1993-06-15,2024-01-03,,Active,
E100031,Demo,Participant031,2025-01-17,2,Part-Time,Customer Care,Remote,3221.88,0.00,0.00,0.00,0.00,3221.88,3221.88,3221.88,120.82,40.27,80.55,false,0.00,false,0.00,0.00,32,1993-06-15,2024-01-03,,Active,
E100031,Demo,Participant031,2025-01-31,3,Part-Time,Customer Care,Remote,3221.88,0.00,0.00,0.00,0.00,3221.88,3221.88,3221.88,120.82,40.27,80.55,false,0.00,false,0.00,0.00,32,1993-06-15,2024-01-03,,Active,
E100031,Demo,Participant031,2025-02-14,4,Part-Time,Customer Care,Remote,3221.88,0.00,0.00,0.00,0.00,3221.88,3221.88,3221.88,120.82,40.27,80.55,false,0.00,false,0.00,0.00,32,1993-06-15,2024-01-03,,Active,
E100031,Demo,Participant031,2025-02-28,5,Part-Time,Customer Care,Remote,3221.88,0.00,0.00,0.00,0.00,3221.88,3221.88,3221.88,120.82,40.27,80.55,false,0.00,false,0.00,0.00,32,1993-06-15,2024-01-03,,Active,
E100031,Demo,Participant031,2025-03-14,6,Part-Time,Customer Care,Remote,3221.88,0.00,0.00,0.00,0.00,3221.88,3221.88,3221.88,120.82,40.27,80.55,false,0.00,false,0.00,0.00,32,1993-06-15,2024-01-03,,Active,
E100031,Demo,Participant031,2025-03-28,7,Part-Time,Customer Care,Remote,3221.88,0.00,0.00,0.00,0.00,3221.88,3221.88,3221.88,120.82,40.27,80.55,false,0.00,false,0.00,0.00,32,1993-06-15,2024-01-03,,Active,
E100031,Demo,Participant031,2025-04-11,8,Part-Time,Customer Care,Remote,3221.88,0.00,0.00,0.00,0.00,3221.88,3221.88,3221.88,120.82,40.27,80.55,false,0.00,false,0.00,0.00,32,1993-06-15,2024-01-03,,Active,
E100032,Demo,Participant032,2025-01-03,1,Full-Time,HR,Seattle,3285.88,0.00,0.00,0.00,0.00,3285.88,3285.88,3285.88,164.29,0.00,82.15,false,0.00,false,0.00,0.00,33,1992-06-15,2024-01-03,,Active,
E100032,Demo,Participant032,2025-01-17,2,Full-Time,HR,Seattle,3285.88,0.00,0.00,0.00,0.00,3285.88,3285.88,3285.88,164.29,0.00,82.15,false,0.00,false,0.00,0.00,33,1992-06-15,2024-01-03,,Active,
E100032,Demo,Participant032,2025-01-31,3,Full-Time,HR,Seattle,3285.88,0.00,0.00,0.00,0.00,3285.88,3285.88,3285.88,164.29,0.00,82.15,false,0.00,false,0.00,0.00,33,1992-06-15,2024-01-03,,Active,
E100032,Demo,Participant032,2025-02-14,4,Full-Time,HR,Seattle,3285.88,0.00,0.00,0.00,0.00,3285.88,3285.88,3285.88,164.29,0.00,82.15,false,0.00,false,0.00,0.00,33,1992-06-15,2024-01-03,,Active,
E100032,Demo,Participant032,2025-02-28,5,Full-Time,HR,Seattle,3285.88,0.00,0.00,0.00,0.00,3285.88,3285.88,3285.88,164.29,0.00,82.15,false,0.00,false,0.00,0.00,33,1992-06-15,2024-01-03,,Active,
E100032,Demo,Participant032,2025-03-14,6,Full-Time,HR,Seattle,3285.88,0.00,0.00,0.00,0.00,3285.88,3285.88,3285.88,164.29,0.00,82.15,false,0.00,false,0.00,0.00,33,1992-06-15,2024-01-03,,Active,
E100032,Demo,Participant032,2025-03-28,7,Full-Time,HR,Seattle,3285.88,0.00,0.00,0.00,0.00,3285.88,3285.88,3285.88,164.29,0.00,82.15,false,0.00,false,0.00,0.00,33,1992-06-15,2024-01-03,,Active,
E100032,Demo,Participant032,2025-04-11,8,Full-Time,HR,Seattle,3285.88,0.00,0.00,0.00,0.00,3285.88,3285.88,3285.88,164.29,0.00,82.15,false,0.00,false,0.00,0.00,33,1992-06-15,2024-01-03,,Active,
E100033,Demo,Participant033,2025-01-03,1,Full-Time,Operations,Austin,3356.62,0.00,0.00,0.00,0.00,3356.62,3356.62,3356.62,167.83,0.00,83.92,false,0.00,false,0.00,0.00,34,1991-06-15,2024-01-03,,Active,
E100033,Demo,Participant033,2025-01-17,2,Full-Time,Operations,Austin,3356.62,0.00,0.00,0.00,0.00,3356.62,3356.62,3356.62,167.83,0.00,83.92,false,0.00,false,0.00,0.00,34,1991-06-15,2024-01-03,,Active,
E100033,Demo,Participant033,2025-01-31,3,Full-Time,Operations,Austin,3356.62,0.00,0.00,0.00,0.00,3356.62,3356.62,3356.62,167.83,0.00,83.92,false,0.00,false,0.00,0.00,34,1991-06-15,2024-01-03,,Active,
E100033,Demo,Participant033,2025-02-14,4,Full-Time,Operations,Austin,3356.62,0.00,0.00,0.00,0.00,3356.62,3356.62,3356.62,167.83,0.00,83.92,false,0.00,false,0.00,0.00,34,1991-06-15,2024-01-03,,Active,
E100033,Demo,Participant033,2025-02-28,5,Full-Time,Operations,Austin,3356.62,0.00,0.00,0.00,0.00,3356.62,3356.62,3356.62,167.83,0.00,83.92,false,0.00,false,0.00,0.00,34,1991-06-15,2024-01-03,,Active,
E100033,Demo,Participant033,2025-03-14,6,Full-Time,Operations,Austin,3356.62,0.00,0.00,0.00,0.00,3356.62,3356.62,3356.62,167.83,0.00,83.92,false,0.00,false,0.00,0.00,34,1991-06-15,2024-01-03,,Active,
E100033,Demo,Participant033,2025-03-28,7,Full-Time,Operations,Austin,3356.62,0.00,0.00,0.00,0.00,3356.62,3356.62,3356.62,167.83,0.00,83.92,false,0.00,false,0.00,0.00,34,1991-06-15,2024-01-03,,Active,
E100033,Demo,Participant033,2025-04-11,8,Full-Time,Operations,Austin,3356.62,0.00,0.00,0.00,0.00,3356.62,3356.62,3356.62,167.83,0.00,83.92,false,0.00,false,0.00,0.00,34,1991-06-15,2024-01-03,,Active,
E100034,Demo,Participant034,2025-01-03,1,Full-Time,Finance,Charlotte,3426.00,0.00,0.00,0.00,0.00,3426.00,3426.00,3426.00,128.48,42.83,85.65,false,0.00,false,0.00,0.00,35,1990-06-15,2024-01-03,,Active,
E100034,Demo,Participant034,2025-01-17,2,Full-Time,Finance,Charlotte,3426.00,0.00,0.00,0.00,0.00,3426.00,3426.00,3426.00,128.48,42.83,85.65,false,0.00,false,0.00,0.00,35,1990-06-15,2024-01-03,,Active,
E100034,Demo,Participant034,2025-01-31,3,Full-Time,Finance,Charlotte,3426.00,0.00,0.00,0.00,45.00,3471.00,3471.00,3426.00,128.48,42.83,85.65,false,0.00,false,0.00,0.00,35,1990-06-15,2024-01-03,,Active,
E100034,Demo,Participant034,2025-02-14,4,Full-Time,Finance,Charlotte,3426.00,0.00,0.00,0.00,0.00,3426.00,3426.00,3426.00,128.48,42.83,85.65,false,0.00,false,0.00,0.00,35,1990-06-15,2024-01-03,,Active,
E100034,Demo,Participant034,2025-02-28,5,Full-Time,Finance,Charlotte,3426.00,0.00,0.00,0.00,0.00,3426.00,3426.00,3426.00,128.48,42.83,85.65,false,0.00,false,0.00,0.00,35,1990-06-15,2024-01-03,,Active,
E100034,Demo,Participant034,2025-03-14,6,Full-Time,Finance,Charlotte,3426.00,0.00,0.00,0.00,0.00,3426.00,3426.00,3426.00,128.48,42.83,85.65,false,0.00,false,0.00,0.00,35,1990-06-15,2024-01-03,,Active,
E100034,Demo,Participant034,2025-03-28,7,Full-Time,Finance,Charlotte,3426.00,0.00,0.00,0.00,0.00,3426.00,3426.00,3426.00,128.48,42.83,85.65,false,0.00,false,0.00,0.00,35,1990-06-15,2024-01-03,,Active,
E100034,Demo,Participant034,2025-04-11,8,Full-Time,Finance,Charlotte,3426.00,0.00,0.00,0.00,0.00,3426.00,3426.00,3426.00,128.48,42.83,85.65,false,0.00,false,0.00,0.00,35,1990-06-15,2024-01-03,,Active,
E100035,Demo,Participant035,2025-01-03,1,Full-Time,Sales,Chicago,3504.88,0.00,0.00,0.00,0.00,3504.88,3504.88,3504.88,175.24,0.00,87.62,false,0.00,false,0.00,0.00,36,1989-06-15,2024-01-03,,Active,
E100035,Demo,Participant035,2025-01-17,2,Full-Time,Sales,Chicago,3504.88,0.00,0.00,0.00,0.00,3504.88,3504.88,3504.88,175.24,0.00,87.62,false,0.00,false,0.00,0.00,36,1989-06-15,2024-01-03,,Active,
E100035,Demo,Participant035,2025-01-31,3,Full-Time,Sales,Chicago,3504.88,0.00,0.00,0.00,0.00,3504.88,3504.88,3504.88,175.24,0.00,87.62,false,0.00,false,0.00,0.00,36,1989-06-15,2024-01-03,,Active,
E100035,Demo,Participant035,2025-02-14,4,Full-Time,Sales,Chicago,3504.88,0.00,0.00,0.00,0.00,3504.88,3504.88,3504.88,175.24,0.00,87.62,false,0.00,false,0.00,0.00,36,1989-06-15,2024-01-03,,Active,
E100035,Demo,Participant035,2025-02-28,5,Full-Time,Sales,Chicago,3504.88,0.00,0.00,0.00,0.00,3504.88,3504.88,3504.88,175.24,0.00,87.62,false,0.00,false,0.00,0.00,36,1989-06-15,2024-01-03,,Active,
E100035,Demo,Participant035,2025-03-14,6,Full-Time,Sales,Chicago,3504.88,0.00,0.00,0.00,0.00,3504.88,3504.88,3504.88,175.24,0.00,87.62,false,0.00,false,0.00,0.00,36,1989-06-15,2024-01-03,,Active,
E100035,Demo,Participant035,2025-03-28,7,Full-Time,Sales,Chicago,3504.88,0.00,0.00,0.00,0.00,3504.88,3504.88,3504.88,175.24,0.00,87.62,false,0.00,false,0.00,0.00,36,1989-06-15,2024-01-03,,Active,
E100035,Demo,Participant035,2025-04-11,8,Full-Time,Sales,Chicago,3504.88,0.00,0.00,0.00,0.00,3504.88,3504.88,3504.88,175.24,0.00,87.62,false,0.00,false,0.00,0.00,36,1989-06-15,2024-01-03,,Active,
E100036,Demo,Participant036,2025-01-03,1,Part-Time,Engineering,Denver,3580.15,0.00,0.00,0.00,0.00,3580.15,3580.15,3580.15,179.01,0.00,89.50,false,0.00,false,0.00,0.00,37,1988-06-15,2024-01-03,,Active,
E100036,Demo,Participant036,2025-01-17,2,Part-Time,Engineering,Denver,3580.15,0.00,0.00,0.00,0.00,3580.15,3580.15,3580.15,179.01,0.00,89.50,false,0.00,false,0.00,0.00,37,1988-06-15,2024-01-03,,Active,
E100036,Demo,Participant036,2025-01-31,3,Part-Time,Engineering,Denver,3580.15,0.00,0.00,0.00,0.00,3580.15,3580.15,3580.15,179.01,0.00,89.50,false,0.00,false,0.00,0.00,37,1988-06-15,2024-01-03,,Active,
E100036,Demo,Participant036,2025-02-14,4,Part-Time,Engineering,Denver,3580.15,0.00,0.00,0.00,0.00,3580.15,3580.15,3580.15,179.01,0.00,89.50,false,0.00,false,0.00,0.00,37,1988-06-15,2024-01-03,,Active,
E100036,Demo,Participant036,2025-02-28,5,Part-Time,Engineering,Denver,3580.15,0.00,0.00,0.00,0.00,3580.15,3580.15,3580.15,179.01,0.00,89.50,false,0.00,false,0.00,0.00,37,1988-06-15,2024-01-03,,Active,
E100036,Demo,Participant036,2025-03-14,6,Part-Time,Engineering,Denver,3580.15,0.00,0.00,0.00,0.00,3580.15,3580.15,3580.15,179.01,0.00,89.50,false,0.00,false,0.00,0.00,37,1988-06-15,2024-01-03,,Active,
E100036,Demo,Participant036,2025-03-28,7,Part-Time,Engineering,Denver,3580.15,0.00,0.00,0.00,0.00,3580.15,3580.15,3580.15,179.01,0.00,89.50,false,0.00,false,0.00,0.00,37,1988-06-15,2024-01-03,,Active,
E100036,Demo,Participant036,2025-04-11,8,Part-Time,Engineering,Denver,3580.15,0.00,0.00,0.00,0.00,3580.15,3580.15,3580.15,179.01,0.00,89.50,false,0.00,false,0.00,0.00,37,1988-06-15,2024-01-03,,Active,
E100037,Demo,Participant037,2025-01-03,1,Full-Time,Clinical,Phoenix,3641.23,0.00,0.00,0.00,0.00,3641.23,3641.23,3641.23,136.55,45.52,91.03,false,0.00,false,0.00,0.00,38,1987-06-15,2024-01-03,,Active,
E100037,Demo,Participant037,2025-01-17,2,Full-Time,Clinical,Phoenix,3641.23,0.00,0.00,35.00,0.00,3676.23,3676.23,3641.23,136.55,45.52,91.03,false,0.00,false,0.00,0.00,38,1987-06-15,2024-01-03,,Active,
E100037,Demo,Participant037,2025-01-31,3,Full-Time,Clinical,Phoenix,3641.23,0.00,0.00,0.00,0.00,3641.23,3641.23,3641.23,136.55,45.52,91.03,false,0.00,false,0.00,0.00,38,1987-06-15,2024-01-03,,Active,
E100037,Demo,Participant037,2025-02-14,4,Full-Time,Clinical,Phoenix,3641.23,0.00,0.00,0.00,0.00,3641.23,3641.23,3641.23,136.55,45.52,91.03,false,0.00,false,0.00,0.00,38,1987-06-15,2024-01-03,,Active,
E100037,Demo,Participant037,2025-02-28,5,Full-Time,Clinical,Phoenix,3641.23,0.00,0.00,0.00,0.00,3641.23,3641.23,3641.23,136.55,45.52,91.03,false,0.00,false,0.00,0.00,38,1987-06-15,2024-01-03,,Active,
E100037,Demo,Participant037,2025-03-14,6,Full-Time,Clinical,Phoenix,3641.23,0.00,0.00,0.00,0.00,3641.23,3641.23,3641.23,136.55,45.52,91.03,false,0.00,false,0.00,0.00,38,1987-06-15,2024-01-03,,Active,
E100037,Demo,Participant037,2025-03-28,7,Full-Time,Clinical,Phoenix,3641.23,0.00,0.00,0.00,0.00,3641.23,3641.23,3641.23,136.55,45.52,91.03,false,0.00,false,0.00,0.00,38,1987-06-15,2024-01-03,,Active,
E100037,Demo,Participant037,2025-04-11,8,Full-Time,Clinical,Phoenix,3641.23,0.00,0.00,0.00,0.00,3641.23,3641.23,3641.23,136.55,45.52,91.03,false,0.00,false,0.00,0.00,38,1987-06-15,2024-01-03,,Active,
E100038,Demo,Participant038,2025-01-03,1,Full-Time,Logistics,Raleigh,3722.35,0.00,0.00,0.00,0.00,3722.35,3722.35,3722.35,186.12,0.00,93.06,false,0.00,false,0.00,0.00,39,1986-06-15,2024-01-03,,Active,
E100038,Demo,Participant038,2025-01-17,2,Full-Time,Logistics,Raleigh,3722.35,0.00,0.00,0.00,0.00,3722.35,3722.35,3722.35,186.12,0.00,93.06,false,0.00,false,0.00,0.00,39,1986-06-15,2024-01-03,,Active,
E100038,Demo,Participant038,2025-01-31,3,Full-Time,Logistics,Raleigh,3722.35,0.00,0.00,0.00,0.00,3722.35,3722.35,3722.35,186.12,0.00,93.06,false,0.00,false,0.00,0.00,39,1986-06-15,2024-01-03,,Active,
E100038,Demo,Participant038,2025-02-14,4,Full-Time,Logistics,Raleigh,3722.35,0.00,0.00,0.00,0.00,3722.35,3722.35,3722.35,186.12,0.00,93.06,false,0.00,false,0.00,0.00,39,1986-06-15,2024-01-03,,Active,
E100038,Demo,Participant038,2025-02-28,5,Full-Time,Logistics,Raleigh,3722.35,0.00,0.00,0.00,0.00,3722.35,3722.35,3722.35,186.12,0.00,93.06,false,0.00,false,0.00,0.00,39,1986-06-15,2024-01-03,,Active,
E100038,Demo,Participant038,2025-03-14,6,Full-Time,Logistics,Raleigh,3722.35,0.00,0.00,0.00,0.00,3722.35,3722.35,3722.35,186.12,0.00,93.06,false,0.00,false,0.00,0.00,39,1986-06-15,2024-01-03,,Active,
E100038,Demo,Participant038,2025-03-28,7,Full-Time,Logistics,Raleigh,3722.35,0.00,0.00,0.00,0.00,3722.35,3722.35,3722.35,186.12,0.00,93.06,false,0.00,false,0.00,0.00,39,1986-06-15,2024-01-03,,Active,
E100038,Demo,Participant038,2025-04-11,8,Full-Time,Logistics,Raleigh,3722.35,0.00,0.00,0.00,0.00,3722.35,3722.35,3722.35,186.12,0.00,93.06,false,0.00,false,0.00,0.00,39,1986-06-15,2024-01-03,,Active,
E100039,Demo,Participant039,2025-01-03,1,Full-Time,Customer Care,Remote,3785.62,0.00,0.00,0.00,0.00,3785.62,3785.62,3785.62,189.28,0.00,94.64,false,0.00,false,0.00,0.00,40,1985-06-15,2024-01-03,,Active,
E100039,Demo,Participant039,2025-01-17,2,Full-Time,Customer Care,Remote,3785.62,0.00,0.00,0.00,0.00,3785.62,3785.62,3785.62,189.28,0.00,94.64,false,0.00,false,0.00,0.00,40,1985-06-15,2024-01-03,,Active,
E100039,Demo,Participant039,2025-01-31,3,Full-Time,Customer Care,Remote,3785.62,0.00,0.00,0.00,0.00,3785.62,3785.62,3785.62,189.28,0.00,94.64,false,0.00,false,0.00,0.00,40,1985-06-15,2024-01-03,,Active,
E100039,Demo,Participant039,2025-02-14,4,Full-Time,Customer Care,Remote,3785.62,0.00,0.00,0.00,0.00,3785.62,3785.62,3785.62,189.28,0.00,94.64,false,0.00,false,0.00,0.00,40,1985-06-15,2024-01-03,,Active,
E100039,Demo,Participant039,2025-02-28,5,Full-Time,Customer Care,Remote,3785.62,0.00,0.00,0.00,0.00,3785.62,3785.62,3785.62,189.28,0.00,94.64,false,0.00,false,0.00,0.00,40,1985-06-15,2024-01-03,,Active,
E100039,Demo,Participant039,2025-03-14,6,Full-Time,Customer Care,Remote,3785.62,0.00,0.00,0.00,0.00,3785.62,3785.62,3785.62,189.28,0.00,94.64,false,0.00,false,0.00,0.00,40,1985-06-15,2024-01-03,,Active,
E100039,Demo,Participant039,2025-03-28,7,Full-Time,Customer Care,Remote,3785.62,0.00,0.00,0.00,0.00,3785.62,3785.62,3785.62,189.28,0.00,94.64,false,0.00,false,0.00,0.00,40,1985-06-15,2024-01-03,,Active,
E100039,Demo,Participant039,2025-04-11,8,Full-Time,Customer Care,Remote,3785.62,0.00,0.00,0.00,0.00,3785.62,3785.62,3785.62,189.28,0.00,94.64,false,0.00,false,0.00,0.00,40,1985-06-15,2024-01-03,,Active,
E100040,Demo,Participant040,2025-01-03,1,Full-Time,HR,Seattle,3852.50,0.00,0.00,0.00,0.00,3852.50,3852.50,3852.50,144.47,48.16,96.31,false,0.00,false,0.00,0.00,41,1984-06-15,2024-01-03,,Active,
E100040,Demo,Participant040,2025-01-17,2,Full-Time,HR,Seattle,3852.50,0.00,0.00,0.00,0.00,3852.50,3852.50,3852.50,144.47,48.16,96.31,false,0.00,false,0.00,0.00,41,1984-06-15,2024-01-03,,Active,
E100040,Demo,Participant040,2025-01-31,3,Full-Time,HR,Seattle,3852.50,0.00,0.00,0.00,0.00,3852.50,3852.50,3852.50,144.47,48.16,96.31,false,0.00,false,0.00,0.00,41,1984-06-15,2024-01-03,,Active,
E100040,Demo,Participant040,2025-02-14,4,Full-Time,HR,Seattle,3852.50,0.00,0.00,0.00,0.00,3852.50,3852.50,3852.50,144.47,48.16,96.31,false,0.00,false,0.00,0.00,41,1984-06-15,2024-01-03,,Active,
E100040,Demo,Participant040,2025-02-28,5,Full-Time,HR,Seattle,3852.50,0.00,0.00,0.00,0.00,3852.50,3852.50,3852.50,144.47,48.16,96.31,false,0.00,false,0.00,0.00,41,1984-06-15,2024-01-03,,Active,
E100040,Demo,Participant040,2025-03-14,6,Full-Time,HR,Seattle,3852.50,0.00,0.00,0.00,0.00,3852.50,3852.50,3852.50,144.47,48.16,96.31,false,0.00,false,0.00,0.00,41,1984-06-15,2024-01-03,,Active,
E100040,Demo,Participant040,2025-03-28,7,Full-Time,HR,Seattle,3852.50,0.00,0.00,0.00,0.00,3852.50,3852.50,3852.50,144.47,48.16,96.31,false,0.00,false,0.00,0.00,41,1984-06-15,2024-01-03,,Active,
E100040,Demo,Participant040,2025-04-11,8,Full-Time,HR,Seattle,3852.50,0.00,0.00,0.00,0.00,3852.50,3852.50,3852.50,144.47,48.16,96.31,false,0.00,false,0.00,0.00,41,1984-06-15,2024-01-03,,Active,
E100041,Demo,Participant041,2025-01-03,1,Part-Time,Operations,Austin,2504.15,0.00,0.00,0.00,0.00,2504.15,2504.15,2504.15,125.21,0.00,62.60,false,0.00,false,0.00,0.00,42,1983-06-15,2024-01-03,,Active,
E100041,Demo,Participant041,2025-01-17,2,Part-Time,Operations,Austin,2504.15,0.00,0.00,0.00,0.00,2504.15,2504.15,2504.15,125.21,0.00,62.60,false,0.00,false,0.00,0.00,42,1983-06-15,2024-01-03,,Active,
E100041,Demo,Participant041,2025-01-31,3,Part-Time,Operations,Austin,2504.15,0.00,0.00,0.00,0.00,2504.15,2504.15,2504.15,125.21,0.00,62.60,false,0.00,false,0.00,0.00,42,1983-06-15,2024-01-03,,Active,
E100041,Demo,Participant041,2025-02-14,4,Part-Time,Operations,Austin,2504.15,0.00,0.00,0.00,0.00,2504.15,2504.15,2504.15,125.21,0.00,62.60,false,0.00,false,0.00,0.00,42,1983-06-15,2024-01-03,,Active,
E100041,Demo,Participant041,2025-02-28,5,Part-Time,Operations,Austin,2504.15,0.00,0.00,0.00,0.00,2504.15,2504.15,2504.15,125.21,0.00,62.60,false,0.00,false,0.00,0.00,42,1983-06-15,2024-01-03,,Active,
E100041,Demo,Participant041,2025-03-14,6,Part-Time,Operations,Austin,2504.15,0.00,0.00,0.00,0.00,2504.15,2504.15,2504.15,125.21,0.00,62.60,false,0.00,false,0.00,0.00,42,1983-06-15,2024-01-03,,Active,
E100041,Demo,Participant041,2025-03-28,7,Part-Time,Operations,Austin,2504.15,0.00,0.00,0.00,0.00,2504.15,2504.15,2504.15,125.21,0.00,62.60,false,0.00,false,0.00,0.00,42,1983-06-15,2024-01-03,,Active,
E100041,Demo,Participant041,2025-04-11,8,Part-Time,Operations,Austin,2504.15,0.00,0.00,0.00,0.00,2504.15,2504.15,2504.15,125.21,0.00,62.60,false,0.00,false,0.00,0.00,42,1983-06-15,2024-01-03,,Active,
E100042,Demo,Participant042,2025-01-03,1,Full-Time,Finance,Charlotte,2583.69,0.00,0.00,0.00,0.00,2583.69,2583.69,2583.69,129.18,0.00,64.59,false,0.00,false,0.00,0.00,43,1982-06-15,2024-01-03,,Active,
E100042,Demo,Participant042,2025-01-17,2,Full-Time,Finance,Charlotte,2583.69,0.00,0.00,0.00,0.00,2583.69,2583.69,2583.69,129.18,0.00,64.59,false,0.00,false,0.00,0.00,43,1982-06-15,2024-01-03,,Active,
E100042,Demo,Participant042,2025-01-31,3,Full-Time,Finance,Charlotte,2583.69,0.00,0.00,0.00,0.00,2583.69,2583.69,2583.69,129.18,0.00,64.59,false,0.00,false,0.00,0.00,43,1982-06-15,2024-01-03,,Active,
E100042,Demo,Participant042,2025-02-14,4,Full-Time,Finance,Charlotte,2583.69,0.00,0.00,0.00,0.00,2583.69,2583.69,2583.69,129.18,0.00,64.59,false,0.00,false,0.00,0.00,43,1982-06-15,2024-01-03,,Active,
E100042,Demo,Participant042,2025-02-28,5,Full-Time,Finance,Charlotte,2583.69,0.00,0.00,0.00,0.00,2583.69,2583.69,2583.69,129.18,0.00,64.59,false,0.00,false,0.00,0.00,43,1982-06-15,2024-01-03,,Active,
E100042,Demo,Participant042,2025-03-14,6,Full-Time,Finance,Charlotte,2583.69,0.00,0.00,0.00,0.00,2583.69,2583.69,2583.69,129.18,0.00,64.59,false,0.00,false,0.00,0.00,43,1982-06-15,2024-01-03,,Active,
E100042,Demo,Participant042,2025-03-28,7,Full-Time,Finance,Charlotte,2583.69,0.00,0.00,0.00,0.00,2583.69,2583.69,2583.69,129.18,0.00,64.59,false,0.00,false,0.00,0.00,43,1982-06-15,2024-01-03,,Active,
E100042,Demo,Participant042,2025-04-11,8,Full-Time,Finance,Charlotte,2583.69,0.00,0.00,0.00,0.00,2583.69,2583.69,2583.69,129.18,0.00,64.59,false,0.00,false,0.00,0.00,43,1982-06-15,2024-01-03,,Active,
E100043,Demo,Participant043,2025-01-03,1,Full-Time,Sales,Chicago,2655.77,0.00,0.00,0.00,0.00,2655.77,2655.77,2655.77,99.59,33.20,66.39,false,0.00,false,0.00,0.00,44,1981-06-15,2024-01-03,,Active,
E100043,Demo,Participant043,2025-01-17,2,Full-Time,Sales,Chicago,2655.77,0.00,0.00,0.00,0.00,2655.77,2655.77,2655.77,99.59,33.20,66.39,false,0.00,false,0.00,0.00,44,1981-06-15,2024-01-03,,Active,
E100043,Demo,Participant043,2025-01-31,3,Full-Time,Sales,Chicago,2655.77,0.00,0.00,0.00,0.00,2655.77,2655.77,2655.77,99.59,33.20,66.39,false,0.00,false,0.00,0.00,44,1981-06-15,2024-01-03,,Active,
E100043,Demo,Participant043,2025-02-14,4,Full-Time,Sales,Chicago,2655.77,0.00,0.00,0.00,0.00,2655.77,2655.77,2655.77,99.59,33.20,66.39,false,0.00,false,0.00,0.00,44,1981-06-15,2024-01-03,,Active,
E100043,Demo,Participant043,2025-02-28,5,Full-Time,Sales,Chicago,2655.77,0.00,0.00,0.00,0.00,2655.77,2655.77,2655.77,99.59,33.20,66.39,false,0.00,false,0.00,0.00,44,1981-06-15,2024-01-03,,Active,
E100043,Demo,Participant043,2025-03-14,6,Full-Time,Sales,Chicago,2655.77,0.00,0.00,0.00,0.00,2655.77,2655.77,2655.77,99.59,33.20,66.39,false,0.00,false,0.00,0.00,44,1981-06-15,2024-01-03,,Active,
E100043,Demo,Participant043,2025-03-28,7,Full-Time,Sales,Chicago,2655.77,0.00,0.00,0.00,0.00,2655.77,2655.77,2655.77,99.59,33.20,66.39,false,0.00,false,0.00,0.00,44,1981-06-15,2024-01-03,,Active,
E100043,Demo,Participant043,2025-04-11,8,Full-Time,Sales,Chicago,2655.77,0.00,0.00,0.00,0.00,2655.77,2655.77,2655.77,99.59,33.20,66.39,false,0.00,false,0.00,0.00,44,1981-06-15,2024-01-03,,Active,
E100044,Demo,Participant044,2025-01-03,1,Full-Time,Engineering,Denver,2721.38,0.00,0.00,0.00,0.00,2721.38,2721.38,2721.38,136.07,0.00,68.03,false,0.00,false,0.00,0.00,45,1980-06-15,2024-01-03,,Active,
E100044,Demo,Participant044,2025-01-17,2,Full-Time,Engineering,Denver,2721.38,0.00,0.00,0.00,0.00,2721.38,2721.38,2721.38,136.07,0.00,68.03,false,0.00,false,0.00,0.00,45,1980-06-15,2024-01-03,,Active,
E100044,Demo,Participant044,2025-01-31,3,Full-Time,Engineering,Denver,2721.38,0.00,0.00,0.00,0.00,2721.38,2721.38,2721.38,136.07,0.00,68.03,false,0.00,false,0.00,0.00,45,1980-06-15,2024-01-03,,Active,
E100044,Demo,Participant044,2025-02-14,4,Full-Time,Engineering,Denver,2721.38,0.00,0.00,0.00,0.00,2721.38,2721.38,2721.38,136.07,0.00,68.03,false,0.00,false,0.00,0.00,45,1980-06-15,2024-01-03,,Active,
E100044,Demo,Participant044,2025-02-28,5,Full-Time,Engineering,Denver,2721.38,0.00,0.00,0.00,0.00,2721.38,2721.38,2721.38,136.07,0.00,68.03,false,0.00,false,0.00,0.00,45,1980-06-15,2024-01-03,,Active,
E100044,Demo,Participant044,2025-03-14,6,Full-Time,Engineering,Denver,2721.38,0.00,0.00,0.00,0.00,2721.38,2721.38,2721.38,136.07,0.00,68.03,false,0.00,false,0.00,0.00,45,1980-06-15,2024-01-03,,Active,
E100044,Demo,Participant044,2025-03-28,7,Full-Time,Engineering,Denver,2721.38,0.00,0.00,0.00,0.00,2721.38,2721.38,2721.38,136.07,0.00,68.03,false,0.00,false,0.00,0.00,45,1980-06-15,2024-01-03,,Active,
E100044,Demo,Participant044,2025-04-11,8,Full-Time,Engineering,Denver,2721.38,0.00,0.00,0.00,0.00,2721.38,2721.38,2721.38,136.07,0.00,68.03,false,0.00,false,0.00,0.00,45,1980-06-15,2024-01-03,,Active,
E100045,Demo,Participant045,2025-01-03,1,Full-Time,Clinical,Phoenix,2796.08,0.00,0.00,0.00,0.00,2796.08,2796.08,2796.08,139.80,0.00,69.90,false,0.00,false,0.00,0.00,46,1979-06-15,2024-01-03,,Active,
E100045,Demo,Participant045,2025-01-17,2,Full-Time,Clinical,Phoenix,2796.08,0.00,0.00,0.00,0.00,2796.08,2796.08,2796.08,139.80,0.00,69.90,false,0.00,false,0.00,0.00,46,1979-06-15,2024-01-03,,Active,
E100045,Demo,Participant045,2025-01-31,3,Full-Time,Clinical,Phoenix,2796.08,0.00,0.00,0.00,45.00,2841.08,2841.08,2796.08,139.80,0.00,69.90,false,0.00,false,0.00,0.00,46,1979-06-15,2024-01-03,,Active,
E100045,Demo,Participant045,2025-02-14,4,Full-Time,Clinical,Phoenix,2796.08,0.00,0.00,0.00,0.00,2796.08,2796.08,2796.08,139.80,0.00,69.90,false,0.00,false,0.00,0.00,46,1979-06-15,2024-01-03,,Active,
E100045,Demo,Participant045,2025-02-28,5,Full-Time,Clinical,Phoenix,2796.08,0.00,0.00,0.00,0.00,2796.08,2796.08,2796.08,139.80,0.00,69.90,false,0.00,false,0.00,0.00,46,1979-06-15,2024-01-03,,Active,
E100045,Demo,Participant045,2025-03-14,6,Full-Time,Clinical,Phoenix,2796.08,0.00,0.00,0.00,0.00,2796.08,2796.08,2796.08,139.80,0.00,69.90,false,0.00,false,0.00,0.00,46,1979-06-15,2024-01-03,,Active,
E100045,Demo,Participant045,2025-03-28,7,Full-Time,Clinical,Phoenix,2796.08,0.00,0.00,0.00,0.00,2796.08,2796.08,2796.08,139.80,0.00,69.90,false,0.00,false,0.00,0.00,46,1979-06-15,2024-01-03,,Active,
E100045,Demo,Participant045,2025-04-11,8,Full-Time,Clinical,Phoenix,2796.08,0.00,0.00,0.00,0.00,2796.08,2796.08,2796.08,139.80,0.00,69.90,false,0.00,false,0.00,0.00,46,1979-06-15,2024-01-03,,Active,
E100046,Demo,Participant046,2025-01-03,1,Part-Time,Logistics,Raleigh,2866.08,0.00,0.00,0.00,0.00,2866.08,2866.08,2866.08,107.48,35.83,71.65,false,0.00,false,0.00,0.00,32,1993-06-15,2024-01-03,,Active,
E100046,Demo,Participant046,2025-01-17,2,Part-Time,Logistics,Raleigh,2866.08,0.00,0.00,35.00,0.00,2901.08,2901.08,2866.08,107.48,35.83,71.65,false,0.00,false,0.00,0.00,32,1993-06-15,2024-01-03,,Active,
E100046,Demo,Participant046,2025-01-31,3,Part-Time,Logistics,Raleigh,2866.08,0.00,0.00,0.00,0.00,2866.08,2866.08,2866.08,107.48,35.83,71.65,false,0.00,false,0.00,0.00,32,1993-06-15,2024-01-03,,Active,
E100046,Demo,Participant046,2025-02-14,4,Part-Time,Logistics,Raleigh,2866.08,0.00,0.00,0.00,0.00,2866.08,2866.08,2866.08,107.48,35.83,71.65,false,0.00,false,0.00,0.00,32,1993-06-15,2024-01-03,,Active,
E100046,Demo,Participant046,2025-02-28,5,Part-Time,Logistics,Raleigh,2866.08,0.00,0.00,0.00,0.00,2866.08,2866.08,2866.08,107.48,35.83,71.65,false,0.00,false,0.00,0.00,32,1993-06-15,2024-01-03,,Active,
E100046,Demo,Participant046,2025-03-14,6,Part-Time,Logistics,Raleigh,2866.08,0.00,0.00,0.00,0.00,2866.08,2866.08,2866.08,107.48,35.83,71.65,false,0.00,false,0.00,0.00,32,1993-06-15,2024-01-03,,Active,
E100046,Demo,Participant046,2025-03-28,7,Part-Time,Logistics,Raleigh,2866.08,0.00,0.00,0.00,0.00,2866.08,2866.08,2866.08,107.48,35.83,71.65,false,0.00,false,0.00,0.00,32,1993-06-15,2024-01-03,,Active,
E100046,Demo,Participant046,2025-04-11,8,Part-Time,Logistics,Raleigh,2866.08,0.00,0.00,0.00,0.00,2866.08,2866.08,2866.08,107.48,35.83,71.65,false,0.00,false,0.00,0.00,32,1993-06-15,2024-01-03,,Active,
E100047,Demo,Participant047,2025-01-03,1,Full-Time,Customer Care,Remote,2938.04,0.00,0.00,0.00,0.00,2938.04,2938.04,2938.04,146.90,0.00,73.45,false,0.00,false,0.00,0.00,33,1992-06-15,2024-01-03,,Active,
E100047,Demo,Participant047,2025-01-17,2,Full-Time,Customer Care,Remote,2938.04,0.00,0.00,0.00,0.00,2938.04,2938.04,2938.04,146.90,0.00,73.45,false,0.00,false,0.00,0.00,33,1992-06-15,2024-01-03,,Active,
E100047,Demo,Participant047,2025-01-31,3,Full-Time,Customer Care,Remote,2938.04,0.00,0.00,0.00,0.00,2938.04,2938.04,2938.04,146.90,0.00,73.45,false,0.00,false,0.00,0.00,33,1992-06-15,2024-01-03,,Active,
E100047,Demo,Participant047,2025-02-14,4,Full-Time,Customer Care,Remote,2938.04,0.00,0.00,0.00,0.00,2938.04,2938.04,2938.04,146.90,0.00,73.45,false,0.00,false,0.00,0.00,33,1992-06-15,2024-01-03,,Active,
E100047,Demo,Participant047,2025-02-28,5,Full-Time,Customer Care,Remote,2938.04,0.00,0.00,0.00,0.00,2938.04,2938.04,2938.04,146.90,0.00,73.45,false,0.00,false,0.00,0.00,33,1992-06-15,2024-01-03,,Active,
E100047,Demo,Participant047,2025-03-14,6,Full-Time,Customer Care,Remote,2938.04,0.00,0.00,0.00,0.00,2938.04,2938.04,2938.04,146.90,0.00,73.45,false,0.00,false,0.00,0.00,33,1992-06-15,2024-01-03,,Active,
E100047,Demo,Participant047,2025-03-28,7,Full-Time,Customer Care,Remote,2938.04,0.00,0.00,0.00,0.00,2938.04,2938.04,2938.04,146.90,0.00,73.45,false,0.00,false,0.00,0.00,33,1992-06-15,2024-01-03,,Active,
E100047,Demo,Participant047,2025-04-11,8,Full-Time,Customer Care,Remote,2938.04,0.00,0.00,0.00,0.00,2938.04,2938.04,2938.04,146.90,0.00,73.45,false,0.00,false,0.00,0.00,33,1992-06-15,2024-01-03,,Active,
E100048,Demo,Participant048,2025-01-03,1,Full-Time,HR,Seattle,3002.38,0.00,0.00,0.00,0.00,3002.38,3002.38,3002.38,150.12,0.00,75.06,false,0.00,false,0.00,0.00,34,1991-06-15,2024-01-03,,Active,
E100048,Demo,Participant048,2025-01-17,2,Full-Time,HR,Seattle,3002.38,0.00,0.00,0.00,0.00,3002.38,3002.38,3002.38,150.12,0.00,75.06,false,0.00,false,0.00,0.00,34,1991-06-15,2024-01-03,,Active,
E100048,Demo,Participant048,2025-01-31,3,Full-Time,HR,Seattle,3002.38,0.00,0.00,0.00,0.00,3002.38,3002.38,3002.38,150.12,0.00,75.06,false,0.00,false,0.00,0.00,34,1991-06-15,2024-01-03,,Active,
E100048,Demo,Participant048,2025-02-14,4,Full-Time,HR,Seattle,3002.38,0.00,0.00,0.00,0.00,3002.38,3002.38,3002.38,150.12,0.00,75.06,false,0.00,false,0.00,0.00,34,1991-06-15,2024-01-03,,Active,
E100048,Demo,Participant048,2025-02-28,5,Full-Time,HR,Seattle,3002.38,0.00,0.00,0.00,0.00,3002.38,3002.38,3002.38,150.12,0.00,75.06,false,0.00,false,0.00,0.00,34,1991-06-15,2024-01-03,,Active,
E100048,Demo,Participant048,2025-03-14,6,Full-Time,HR,Seattle,3002.38,0.00,0.00,0.00,0.00,3002.38,3002.38,3002.38,150.12,0.00,75.06,false,0.00,false,0.00,0.00,34,1991-06-15,2024-01-03,,Active,
E100048,Demo,Participant048,2025-03-28,7,Full-Time,HR,Seattle,3002.38,0.00,0.00,0.00,0.00,3002.38,3002.38,3002.38,150.12,0.00,75.06,false,0.00,false,0.00,0.00,34,1991-06-15,2024-01-03,,Active,
E100048,Demo,Participant048,2025-04-11,8,Full-Time,HR,Seattle,3002.38,0.00,0.00,0.00,0.00,3002.38,3002.38,3002.38,150.12,0.00,75.06,false,0.00,false,0.00,0.00,34,1991-06-15,2024-01-03,,Active,
E100049,Demo,Participant049,2025-01-03,1,Full-Time,Operations,Austin,3081.19,0.00,0.00,0.00,0.00,3081.19,3081.19,3081.19,115.54,38.51,77.03,false,0.00,false,0.00,0.00,35,1990-06-15,2024-01-03,,Active,
E100049,Demo,Participant049,2025-01-17,2,Full-Time,Operations,Austin,3081.19,0.00,0.00,0.00,0.00,3081.19,3081.19,3081.19,115.54,38.51,77.03,false,0.00,false,0.00,0.00,35,1990-06-15,2024-01-03,,Active,
E100049,Demo,Participant049,2025-01-31,3,Full-Time,Operations,Austin,3081.19,0.00,0.00,0.00,0.00,3081.19,3081.19,3081.19,115.54,38.51,77.03,false,0.00,false,0.00,0.00,35,1990-06-15,2024-01-03,,Active,
E100049,Demo,Participant049,2025-02-14,4,Full-Time,Operations,Austin,3081.19,0.00,0.00,0.00,0.00,3081.19,3081.19,3081.19,115.54,38.51,77.03,false,0.00,false,0.00,0.00,35,1990-06-15,2024-01-03,,Active,
E100049,Demo,Participant049,2025-02-28,5,Full-Time,Operations,Austin,3081.19,0.00,0.00,0.00,0.00,3081.19,3081.19,3081.19,115.54,38.51,77.03,false,0.00,false,0.00,0.00,35,1990-06-15,2024-01-03,,Active,
E100049,Demo,Participant049,2025-03-14,6,Full-Time,Operations,Austin,3081.19,0.00,0.00,0.00,0.00,3081.19,3081.19,3081.19,115.54,38.51,77.03,false,0.00,false,0.00,0.00,35,1990-06-15,2024-01-03,,Active,
E100049,Demo,Participant049,2025-03-28,7,Full-Time,Operations,Austin,3081.19,0.00,0.00,0.00,0.00,3081.19,3081.19,3081.19,115.54,38.51,77.03,false,0.00,false,0.00,0.00,35,1990-06-15,2024-01-03,,Active,
E100049,Demo,Participant049,2025-04-11,8,Full-Time,Operations,Austin,3081.19,0.00,0.00,0.00,0.00,3081.19,3081.19,3081.19,115.54,38.51,77.03,false,0.00,false,0.00,0.00,35,1990-06-15,2024-01-03,,Active,
E100050,Demo,Participant050,2025-01-03,1,Full-Time,Finance,Charlotte,3143.65,0.00,0.00,0.00,0.00,3143.65,3143.65,3143.65,157.18,0.00,78.59,false,0.00,false,0.00,0.00,36,1989-06-15,2024-01-03,,Active,
E100050,Demo,Participant050,2025-01-17,2,Full-Time,Finance,Charlotte,3143.65,0.00,0.00,0.00,0.00,3143.65,3143.65,3143.65,157.18,0.00,78.59,false,0.00,false,0.00,0.00,36,1989-06-15,2024-01-03,,Active,
E100050,Demo,Participant050,2025-01-31,3,Full-Time,Finance,Charlotte,3143.65,0.00,0.00,0.00,0.00,3143.65,3143.65,3143.65,157.18,0.00,78.59,false,0.00,false,0.00,0.00,36,1989-06-15,2024-01-03,,Active,
E100050,Demo,Participant050,2025-02-14,4,Full-Time,Finance,Charlotte,3143.65,0.00,0.00,0.00,0.00,3143.65,3143.65,3143.65,157.18,0.00,78.59,false,0.00,false,0.00,0.00,36,1989-06-15,2024-01-03,,Active,
E100050,Demo,Participant050,2025-02-28,5,Full-Time,Finance,Charlotte,3143.65,0.00,0.00,0.00,0.00,3143.65,3143.65,3143.65,157.18,0.00,78.59,false,0.00,false,0.00,0.00,36,1989-06-15,2024-01-03,,Active,
E100050,Demo,Participant050,2025-03-14,6,Full-Time,Finance,Charlotte,3143.65,0.00,0.00,0.00,0.00,3143.65,3143.65,3143.65,157.18,0.00,78.59,false,0.00,false,0.00,0.00,36,1989-06-15,2024-01-03,,Active,
E100050,Demo,Participant050,2025-03-28,7,Full-Time,Finance,Charlotte,3143.65,0.00,0.00,0.00,0.00,3143.65,3143.65,3143.65,157.18,0.00,78.59,false,0.00,false,0.00,0.00,36,1989-06-15,2024-01-03,,Active,
E100050,Demo,Participant050,2025-04-11,8,Full-Time,Finance,Charlotte,3143.65,0.00,0.00,0.00,0.00,3143.65,3143.65,3143.65,157.18,0.00,78.59,false,0.00,false,0.00,0.00,36,1989-06-15,2024-01-03,,Active,
E100051,Demo,Participant051,2025-01-03,1,Part-Time,Sales,Chicago,3222.88,0.00,0.00,0.00,0.00,3222.88,3222.88,3222.88,161.14,0.00,80.57,false,0.00,false,0.00,0.00,37,1988-06-15,2024-01-03,,Active,
E100051,Demo,Participant051,2025-01-17,2,Part-Time,Sales,Chicago,3222.88,0.00,0.00,0.00,0.00,3222.88,3222.88,3222.88,161.14,0.00,80.57,false,0.00,false,0.00,0.00,37,1988-06-15,2024-01-03,,Active,
E100051,Demo,Participant051,2025-01-31,3,Part-Time,Sales,Chicago,3222.88,0.00,0.00,0.00,0.00,3222.88,3222.88,3222.88,161.14,0.00,80.57,false,0.00,false,0.00,0.00,37,1988-06-15,2024-01-03,,Active,
E100051,Demo,Participant051,2025-02-14,4,Part-Time,Sales,Chicago,3222.88,0.00,0.00,0.00,0.00,3222.88,3222.88,3222.88,161.14,0.00,80.57,false,0.00,false,0.00,0.00,37,1988-06-15,2024-01-03,,Active,
E100051,Demo,Participant051,2025-02-28,5,Part-Time,Sales,Chicago,3222.88,0.00,0.00,0.00,0.00,3222.88,3222.88,3222.88,161.14,0.00,80.57,false,0.00,false,0.00,0.00,37,1988-06-15,2024-01-03,,Active,
E100051,Demo,Participant051,2025-03-14,6,Part-Time,Sales,Chicago,3222.88,0.00,0.00,0.00,0.00,3222.88,3222.88,3222.88,161.14,0.00,80.57,false,0.00,false,0.00,0.00,37,1988-06-15,2024-01-03,,Active,
E100051,Demo,Participant051,2025-03-28,7,Part-Time,Sales,Chicago,3222.88,0.00,0.00,0.00,0.00,3222.88,3222.88,3222.88,161.14,0.00,80.57,false,0.00,false,0.00,0.00,37,1988-06-15,2024-01-03,,Active,
E100051,Demo,Participant051,2025-04-11,8,Part-Time,Sales,Chicago,3222.88,0.00,0.00,0.00,0.00,3222.88,3222.88,3222.88,161.14,0.00,80.57,false,0.00,false,0.00,0.00,37,1988-06-15,2024-01-03,,Active,
E100052,Demo,Participant052,2025-01-03,1,Full-Time,Engineering,Denver,3294.27,0.00,0.00,0.00,0.00,3294.27,3294.27,3294.27,123.54,41.18,82.36,false,0.00,false,0.00,0.00,38,1987-06-15,2024-01-03,,Active,
E100052,Demo,Participant052,2025-01-17,2,Full-Time,Engineering,Denver,3294.27,0.00,0.00,0.00,0.00,3294.27,3294.27,3294.27,123.54,41.18,82.36,false,0.00,false,0.00,0.00,38,1987-06-15,2024-01-03,,Active,
E100052,Demo,Participant052,2025-01-31,3,Full-Time,Engineering,Denver,3294.27,0.00,0.00,0.00,0.00,3294.27,3294.27,3294.27,123.54,41.18,82.36,false,0.00,false,0.00,0.00,38,1987-06-15,2024-01-03,,Active,
E100052,Demo,Participant052,2025-02-14,4,Full-Time,Engineering,Denver,3294.27,0.00,0.00,0.00,0.00,3294.27,3294.27,3294.27,123.54,41.18,82.36,false,0.00,false,0.00,0.00,38,1987-06-15,2024-01-03,,Active,
E100052,Demo,Participant052,2025-02-28,5,Full-Time,Engineering,Denver,3294.27,0.00,0.00,0.00,0.00,3294.27,3294.27,3294.27,123.54,41.18,82.36,false,0.00,false,0.00,0.00,38,1987-06-15,2024-01-03,,Active,
E100052,Demo,Participant052,2025-03-14,6,Full-Time,Engineering,Denver,3294.27,0.00,0.00,0.00,0.00,3294.27,3294.27,3294.27,123.54,41.18,82.36,false,0.00,false,0.00,0.00,38,1987-06-15,2024-01-03,,Active,
E100052,Demo,Participant052,2025-03-28,7,Full-Time,Engineering,Denver,3294.27,0.00,0.00,0.00,0.00,3294.27,3294.27,3294.27,123.54,41.18,82.36,false,0.00,false,0.00,0.00,38,1987-06-15,2024-01-03,,Active,
E100052,Demo,Participant052,2025-04-11,8,Full-Time,Engineering,Denver,3294.27,0.00,0.00,0.00,0.00,3294.27,3294.27,3294.27,123.54,41.18,82.36,false,0.00,false,0.00,0.00,38,1987-06-15,2024-01-03,,Active,
E100053,Demo,Participant053,2025-01-03,1,Full-Time,Clinical,Phoenix,3365.65,0.00,0.00,0.00,0.00,3365.65,3365.65,3365.65,168.28,0.00,84.14,false,0.00,false,0.00,0.00,39,1986-06-15,2024-01-03,,Active,
E100053,Demo,Participant053,2025-01-17,2,Full-Time,Clinical,Phoenix,3365.65,0.00,0.00,0.00,0.00,3365.65,3365.65,3365.65,168.28,0.00,84.14,false,0.00,false,0.00,0.00,39,1986-06-15,2024-01-03,,Active,
E100053,Demo,Participant053,2025-01-31,3,Full-Time,Clinical,Phoenix,3365.65,0.00,0.00,0.00,0.00,3365.65,3365.65,3365.65,168.28,0.00,84.14,false,0.00,false,0.00,0.00,39,1986-06-15,2024-01-03,,Active,
E100053,Demo,Participant053,2025-02-14,4,Full-Time,Clinical,Phoenix,3365.65,0.00,0.00,0.00,0.00,3365.65,3365.65,3365.65,168.28,0.00,84.14,false,0.00,false,0.00,0.00,39,1986-06-15,2024-01-03,,Active,
E100053,Demo,Participant053,2025-02-28,5,Full-Time,Clinical,Phoenix,3365.65,0.00,0.00,0.00,0.00,3365.65,3365.65,3365.65,168.28,0.00,84.14,false,0.00,false,0.00,0.00,39,1986-06-15,2024-01-03,,Active,
E100053,Demo,Participant053,2025-03-14,6,Full-Time,Clinical,Phoenix,3365.65,0.00,0.00,0.00,0.00,3365.65,3365.65,3365.65,168.28,0.00,84.14,false,0.00,false,0.00,0.00,39,1986-06-15,2024-01-03,,Active,
E100053,Demo,Participant053,2025-03-28,7,Full-Time,Clinical,Phoenix,3365.65,0.00,0.00,0.00,0.00,3365.65,3365.65,3365.65,168.28,0.00,84.14,false,0.00,false,0.00,0.00,39,1986-06-15,2024-01-03,,Active,
E100053,Demo,Participant053,2025-04-11,8,Full-Time,Clinical,Phoenix,3365.65,0.00,0.00,0.00,0.00,3365.65,3365.65,3365.65,168.28,0.00,84.14,false,0.00,false,0.00,0.00,39,1986-06-15,2024-01-03,,Active,
E100054,Demo,Participant054,2025-01-03,1,Full-Time,Logistics,Raleigh,3425.23,0.00,0.00,0.00,0.00,3425.23,3425.23,3425.23,171.26,0.00,85.63,false,0.00,false,0.00,0.00,40,1985-06-15,2024-01-03,,Active,
E100054,Demo,Participant054,2025-01-17,2,Full-Time,Logistics,Raleigh,3425.23,0.00,0.00,0.00,0.00,3425.23,3425.23,3425.23,171.26,0.00,85.63,false,0.00,false,0.00,0.00,40,1985-06-15,2024-01-03,,Active,
E100054,Demo,Participant054,2025-01-31,3,Full-Time,Logistics,Raleigh,3425.23,0.00,0.00,0.00,0.00,3425.23,3425.23,3425.23,171.26,0.00,85.63,false,0.00,false,0.00,0.00,40,1985-06-15,2024-01-03,,Active,
E100054,Demo,Participant054,2025-02-14,4,Full-Time,Logistics,Raleigh,3425.23,0.00,0.00,0.00,0.00,3425.23,3425.23,3425.23,171.26,0.00,85.63,false,0.00,false,0.00,0.00,40,1985-06-15,2024-01-03,,Active,
E100054,Demo,Participant054,2025-02-28,5,Full-Time,Logistics,Raleigh,3425.23,0.00,0.00,0.00,0.00,3425.23,3425.23,3425.23,171.26,0.00,85.63,false,0.00,false,0.00,0.00,40,1985-06-15,2024-01-03,,Active,
E100054,Demo,Participant054,2025-03-14,6,Full-Time,Logistics,Raleigh,3425.23,0.00,0.00,0.00,0.00,3425.23,3425.23,3425.23,171.26,0.00,85.63,false,0.00,false,0.00,0.00,40,1985-06-15,2024-01-03,,Active,
E100054,Demo,Participant054,2025-03-28,7,Full-Time,Logistics,Raleigh,3425.23,0.00,0.00,0.00,0.00,3425.23,3425.23,3425.23,171.26,0.00,85.63,false,0.00,false,0.00,0.00,40,1985-06-15,2024-01-03,,Active,
E100054,Demo,Participant054,2025-04-11,8,Full-Time,Logistics,Raleigh,3425.23,0.00,0.00,0.00,0.00,3425.23,3425.23,3425.23,171.26,0.00,85.63,false,0.00,false,0.00,0.00,40,1985-06-15,2024-01-03,,Active,
E100055,Demo,Participant055,2025-01-03,1,Full-Time,Customer Care,Remote,3504.54,0.00,0.00,0.00,0.00,3504.54,3504.54,3504.54,131.42,43.81,87.61,false,0.00,false,0.00,0.00,41,1984-06-15,2024-01-03,,Active,
E100055,Demo,Participant055,2025-01-17,2,Full-Time,Customer Care,Remote,3504.54,0.00,0.00,35.00,0.00,3539.54,3539.54,3504.54,131.42,43.81,87.61,false,0.00,false,0.00,0.00,41,1984-06-15,2024-01-03,,Active,
E100055,Demo,Participant055,2025-01-31,3,Full-Time,Customer Care,Remote,3504.54,0.00,0.00,0.00,0.00,3504.54,3504.54,3504.54,131.42,43.81,87.61,false,0.00,false,0.00,0.00,41,1984-06-15,2024-01-03,,Active,
E100055,Demo,Participant055,2025-02-14,4,Full-Time,Customer Care,Remote,3504.54,0.00,0.00,0.00,0.00,3504.54,3504.54,3504.54,131.42,43.81,87.61,false,0.00,false,0.00,0.00,41,1984-06-15,2024-01-03,,Active,
E100055,Demo,Participant055,2025-02-28,5,Full-Time,Customer Care,Remote,3504.54,0.00,0.00,0.00,0.00,3504.54,3504.54,3504.54,131.42,43.81,87.61,false,0.00,false,0.00,0.00,41,1984-06-15,2024-01-03,,Active,
E100055,Demo,Participant055,2025-03-14,6,Full-Time,Customer Care,Remote,3504.54,0.00,0.00,0.00,0.00,3504.54,3504.54,3504.54,131.42,43.81,87.61,false,0.00,false,0.00,0.00,41,1984-06-15,2024-01-03,,Active,
E100055,Demo,Participant055,2025-03-28,7,Full-Time,Customer Care,Remote,3504.54,0.00,0.00,0.00,0.00,3504.54,3504.54,3504.54,131.42,43.81,87.61,false,0.00,false,0.00,0.00,41,1984-06-15,2024-01-03,,Active,
E100055,Demo,Participant055,2025-04-11,8,Full-Time,Customer Care,Remote,3504.54,0.00,0.00,0.00,0.00,3504.54,3504.54,3504.54,131.42,43.81,87.61,false,0.00,false,0.00,0.00,41,1984-06-15,2024-01-03,,Active,
E100056,Demo,Participant056,2025-01-03,1,Part-Time,HR,Seattle,3576.58,0.00,0.00,0.00,0.00,3576.58,3576.58,3576.58,178.83,0.00,89.41,false,0.00,false,0.00,0.00,42,1983-06-15,2024-01-03,,Active,
E100056,Demo,Participant056,2025-01-17,2,Part-Time,HR,Seattle,3576.58,0.00,0.00,0.00,0.00,3576.58,3576.58,3576.58,178.83,0.00,89.41,false,0.00,false,0.00,0.00,42,1983-06-15,2024-01-03,,Active,
E100056,Demo,Participant056,2025-01-31,3,Part-Time,HR,Seattle,3576.58,0.00,0.00,0.00,45.00,3621.58,3621.58,3576.58,178.83,0.00,89.41,false,0.00,false,0.00,0.00,42,1983-06-15,2024-01-03,,Active,
E100056,Demo,Participant056,2025-02-14,4,Part-Time,HR,Seattle,3576.58,0.00,0.00,0.00,0.00,3576.58,3576.58,3576.58,178.83,0.00,89.41,false,0.00,false,0.00,0.00,42,1983-06-15,2024-01-03,,Active,
E100056,Demo,Participant056,2025-02-28,5,Part-Time,HR,Seattle,3576.58,0.00,0.00,0.00,0.00,3576.58,3576.58,3576.58,178.83,0.00,89.41,false,0.00,false,0.00,0.00,42,1983-06-15,2024-01-03,,Active,
E100056,Demo,Participant056,2025-03-14,6,Part-Time,HR,Seattle,3576.58,0.00,0.00,0.00,0.00,3576.58,3576.58,3576.58,178.83,0.00,89.41,false,0.00,false,0.00,0.00,42,1983-06-15,2024-01-03,,Active,
E100056,Demo,Participant056,2025-03-28,7,Part-Time,HR,Seattle,3576.58,0.00,0.00,0.00,0.00,3576.58,3576.58,3576.58,178.83,0.00,89.41,false,0.00,false,0.00,0.00,42,1983-06-15,2024-01-03,,Active,
E100056,Demo,Participant056,2025-04-11,8,Part-Time,HR,Seattle,3576.58,0.00,0.00,0.00,0.00,3576.58,3576.58,3576.58,178.83,0.00,89.41,false,0.00,false,0.00,0.00,42,1983-06-15,2024-01-03,,Active,
E100057,Demo,Participant057,2025-01-03,1,Full-Time,Operations,Austin,3648.73,0.00,0.00,0.00,0.00,3648.73,3648.73,3648.73,182.44,0.00,91.22,false,0.00,false,0.00,0.00,43,1982-06-15,2024-01-03,,Active,
E100057,Demo,Participant057,2025-01-17,2,Full-Time,Operations,Austin,3648.73,0.00,0.00,0.00,0.00,3648.73,3648.73,3648.73,182.44,0.00,91.22,false,0.00,false,0.00,0.00,43,1982-06-15,2024-01-03,,Active,
E100057,Demo,Participant057,2025-01-31,3,Full-Time,Operations,Austin,3648.73,0.00,0.00,0.00,0.00,3648.73,3648.73,3648.73,182.44,0.00,91.22,false,0.00,false,0.00,0.00,43,1982-06-15,2024-01-03,,Active,
E100057,Demo,Participant057,2025-02-14,4,Full-Time,Operations,Austin,3648.73,0.00,0.00,0.00,0.00,3648.73,3648.73,3648.73,182.44,0.00,91.22,false,0.00,false,0.00,0.00,43,1982-06-15,2024-01-03,,Active,
E100057,Demo,Participant057,2025-02-28,5,Full-Time,Operations,Austin,3648.73,0.00,0.00,0.00,0.00,3648.73,3648.73,3648.73,182.44,0.00,91.22,false,0.00,false,0.00,0.00,43,1982-06-15,2024-01-03,,Active,
E100057,Demo,Participant057,2025-03-14,6,Full-Time,Operations,Austin,3648.73,0.00,0.00,0.00,0.00,3648.73,3648.73,3648.73,182.44,0.00,91.22,false,0.00,false,0.00,0.00,43,1982-06-15,2024-01-03,,Active,
E100057,Demo,Participant057,2025-03-28,7,Full-Time,Operations,Austin,3648.73,0.00,0.00,0.00,0.00,3648.73,3648.73,3648.73,182.44,0.00,91.22,false,0.00,false,0.00,0.00,43,1982-06-15,2024-01-03,,Active,
E100057,Demo,Participant057,2025-04-11,8,Full-Time,Operations,Austin,3648.73,0.00,0.00,0.00,0.00,3648.73,3648.73,3648.73,182.44,0.00,91.22,false,0.00,false,0.00,0.00,43,1982-06-15,2024-01-03,,Active,
E100058,Demo,Participant058,2025-01-03,1,Full-Time,Finance,Charlotte,3722.46,0.00,0.00,0.00,0.00,3722.46,3722.46,3722.46,139.59,46.53,93.06,false,0.00,false,0.00,0.00,44,1981-06-15,2024-01-03,,Active,
E100058,Demo,Participant058,2025-01-17,2,Full-Time,Finance,Charlotte,3722.46,0.00,0.00,0.00,0.00,3722.46,3722.46,3722.46,139.59,46.53,93.06,false,0.00,false,0.00,0.00,44,1981-06-15,2024-01-03,,Active,
E100058,Demo,Participant058,2025-01-31,3,Full-Time,Finance,Charlotte,3722.46,0.00,0.00,0.00,0.00,3722.46,3722.46,3722.46,139.59,46.53,93.06,false,0.00,false,0.00,0.00,44,1981-06-15,2024-01-03,,Active,
E100058,Demo,Participant058,2025-02-14,4,Full-Time,Finance,Charlotte,3722.46,0.00,0.00,0.00,0.00,3722.46,3722.46,3722.46,139.59,46.53,93.06,false,0.00,false,0.00,0.00,44,1981-06-15,2024-01-03,,Active,
E100058,Demo,Participant058,2025-02-28,5,Full-Time,Finance,Charlotte,3722.46,0.00,0.00,0.00,0.00,3722.46,3722.46,3722.46,139.59,46.53,93.06,false,0.00,false,0.00,0.00,44,1981-06-15,2024-01-03,,Active,
E100058,Demo,Participant058,2025-03-14,6,Full-Time,Finance,Charlotte,3722.46,0.00,0.00,0.00,0.00,3722.46,3722.46,3722.46,139.59,46.53,93.06,false,0.00,false,0.00,0.00,44,1981-06-15,2024-01-03,,Active,
E100058,Demo,Participant058,2025-03-28,7,Full-Time,Finance,Charlotte,3722.46,0.00,0.00,0.00,0.00,3722.46,3722.46,3722.46,139.59,46.53,93.06,false,0.00,false,0.00,0.00,44,1981-06-15,2024-01-03,,Active,
E100058,Demo,Participant058,2025-04-11,8,Full-Time,Finance,Charlotte,3722.46,0.00,0.00,0.00,0.00,3722.46,3722.46,3722.46,139.59,46.53,93.06,false,0.00,false,0.00,0.00,44,1981-06-15,2024-01-03,,Active,
E100059,Demo,Participant059,2025-01-03,1,Full-Time,Sales,Chicago,3788.31,0.00,0.00,0.00,0.00,3788.31,3788.31,3788.31,189.42,0.00,94.71,false,0.00,false,0.00,0.00,45,1980-06-15,2024-01-03,,Active,
E100059,Demo,Participant059,2025-01-17,2,Full-Time,Sales,Chicago,3788.31,0.00,0.00,0.00,0.00,3788.31,3788.31,3788.31,189.42,0.00,94.71,false,0.00,false,0.00,0.00,45,1980-06-15,2024-01-03,,Active,
E100059,Demo,Participant059,2025-01-31,3,Full-Time,Sales,Chicago,3788.31,0.00,0.00,0.00,0.00,3788.31,3788.31,3788.31,189.42,0.00,94.71,false,0.00,false,0.00,0.00,45,1980-06-15,2024-01-03,,Active,
E100059,Demo,Participant059,2025-02-14,4,Full-Time,Sales,Chicago,3788.31,0.00,0.00,0.00,0.00,3788.31,3788.31,3788.31,189.42,0.00,94.71,false,0.00,false,0.00,0.00,45,1980-06-15,2024-01-03,,Active,
E100059,Demo,Participant059,2025-02-28,5,Full-Time,Sales,Chicago,3788.31,0.00,0.00,0.00,0.00,3788.31,3788.31,3788.31,189.42,0.00,94.71,false,0.00,false,0.00,0.00,45,1980-06-15,2024-01-03,,Active,
E100059,Demo,Participant059,2025-03-14,6,Full-Time,Sales,Chicago,3788.31,0.00,0.00,0.00,0.00,3788.31,3788.31,3788.31,189.42,0.00,94.71,false,0.00,false,0.00,0.00,45,1980-06-15,2024-01-03,,Active,
E100059,Demo,Participant059,2025-03-28,7,Full-Time,Sales,Chicago,3788.31,0.00,0.00,0.00,0.00,3788.31,3788.31,3788.31,189.42,0.00,94.71,false,0.00,false,0.00,0.00,45,1980-06-15,2024-01-03,,Active,
E100059,Demo,Participant059,2025-04-11,8,Full-Time,Sales,Chicago,3788.31,0.00,0.00,0.00,0.00,3788.31,3788.31,3788.31,189.42,0.00,94.71,false,0.00,false,0.00,0.00,45,1980-06-15,2024-01-03,,Active,
E100060,Demo,Participant060,2025-01-03,1,Full-Time,Engineering,Denver,3861.23,0.00,0.00,0.00,0.00,3861.23,3861.23,3861.23,193.06,0.00,96.53,false,0.00,false,0.00,0.00,46,1979-06-15,2024-01-03,,Active,
E100060,Demo,Participant060,2025-01-17,2,Full-Time,Engineering,Denver,3861.23,0.00,0.00,0.00,0.00,3861.23,3861.23,3861.23,193.06,0.00,96.53,false,0.00,false,0.00,0.00,46,1979-06-15,2024-01-03,,Active,
E100060,Demo,Participant060,2025-01-31,3,Full-Time,Engineering,Denver,3861.23,0.00,0.00,0.00,0.00,3861.23,3861.23,3861.23,193.06,0.00,96.53,false,0.00,false,0.00,0.00,46,1979-06-15,2024-01-03,,Active,
E100060,Demo,Participant060,2025-02-14,4,Full-Time,Engineering,Denver,3861.23,0.00,0.00,0.00,0.00,3861.23,3861.23,3861.23,193.06,0.00,96.53,false,0.00,false,0.00,0.00,46,1979-06-15,2024-01-03,,Active,
E100060,Demo,Participant060,2025-02-28,5,Full-Time,Engineering,Denver,3861.23,0.00,0.00,0.00,0.00,3861.23,3861.23,3861.23,193.06,0.00,96.53,false,0.00,false,0.00,0.00,46,1979-06-15,2024-01-03,,Active,
E100060,Demo,Participant060,2025-03-14,6,Full-Time,Engineering,Denver,3861.23,0.00,0.00,0.00,0.00,3861.23,3861.23,3861.23,193.06,0.00,96.53,false,0.00,false,0.00,0.00,46,1979-06-15,2024-01-03,,Active,
E100060,Demo,Participant060,2025-03-28,7,Full-Time,Engineering,Denver,3861.23,0.00,0.00,0.00,0.00,3861.23,3861.23,3861.23,193.06,0.00,96.53,false,0.00,false,0.00,0.00,46,1979-06-15,2024-01-03,,Active,
E100060,Demo,Participant060,2025-04-11,8,Full-Time,Engineering,Denver,3861.23,0.00,0.00,0.00,0.00,3861.23,3861.23,3861.23,193.06,0.00,96.53,false,0.00,false,0.00,0.00,46,1979-06-15,2024-01-03,,Active,
E100061,Demo,Participant061,2025-01-03,1,Part-Time,Clinical,Phoenix,2510.62,0.00,0.00,0.00,0.00,2510.62,2510.62,2510.62,94.15,31.38,62.77,false,0.00,false,0.00,0.00,32,1993-06-15,2024-01-03,,Active,
E100061,Demo,Participant061,2025-01-17,2,Part-Time,Clinical,Phoenix,2510.62,0.00,0.00,0.00,0.00,2510.62,2510.62,2510.62,94.15,31.38,62.77,false,0.00,false,0.00,0.00,32,1993-06-15,2024-01-03,,Active,
E100061,Demo,Participant061,2025-01-31,3,Part-Time,Clinical,Phoenix,2510.62,0.00,0.00,0.00,0.00,2510.62,2510.62,2510.62,94.15,31.38,62.77,false,0.00,false,0.00,0.00,32,1993-06-15,2024-01-03,,Active,
E100061,Demo,Participant061,2025-02-14,4,Part-Time,Clinical,Phoenix,2510.62,0.00,0.00,0.00,0.00,2510.62,2510.62,2510.62,94.15,31.38,62.77,false,0.00,false,0.00,0.00,32,1993-06-15,2024-01-03,,Active,
E100061,Demo,Participant061,2025-02-28,5,Part-Time,Clinical,Phoenix,2510.62,0.00,0.00,0.00,0.00,2510.62,2510.62,2510.62,94.15,31.38,62.77,false,0.00,false,0.00,0.00,32,1993-06-15,2024-01-03,,Active,
E100061,Demo,Participant061,2025-03-14,6,Part-Time,Clinical,Phoenix,2510.62,0.00,0.00,0.00,0.00,2510.62,2510.62,2510.62,94.15,31.38,62.77,false,0.00,false,0.00,0.00,32,1993-06-15,2024-01-03,,Active,
E100061,Demo,Participant061,2025-03-28,7,Part-Time,Clinical,Phoenix,2510.62,0.00,0.00,0.00,0.00,2510.62,2510.62,2510.62,94.15,31.38,62.77,false,0.00,false,0.00,0.00,32,1993-06-15,2024-01-03,,Active,
E100061,Demo,Participant061,2025-04-11,8,Part-Time,Clinical,Phoenix,2510.62,0.00,0.00,0.00,0.00,2510.62,2510.62,2510.62,94.15,31.38,62.77,false,0.00,false,0.00,0.00,32,1993-06-15,2024-01-03,,Active,
E100062,Demo,Participant062,2025-01-03,1,Full-Time,Logistics,Raleigh,2580.23,0.00,0.00,0.00,0.00,2580.23,2580.23,2580.23,129.01,0.00,64.51,false,0.00,false,0.00,0.00,33,1992-06-15,2024-01-03,,Active,
E100062,Demo,Participant062,2025-01-17,2,Full-Time,Logistics,Raleigh,2580.23,0.00,0.00,0.00,0.00,2580.23,2580.23,2580.23,129.01,0.00,64.51,false,0.00,false,0.00,0.00,33,1992-06-15,2024-01-03,,Active,
E100062,Demo,Participant062,2025-01-31,3,Full-Time,Logistics,Raleigh,2580.23,0.00,0.00,0.00,0.00,2580.23,2580.23,2580.23,129.01,0.00,64.51,false,0.00,false,0.00,0.00,33,1992-06-15,2024-01-03,,Active,
E100062,Demo,Participant062,2025-02-14,4,Full-Time,Logistics,Raleigh,2580.23,0.00,0.00,0.00,0.00,2580.23,2580.23,2580.23,129.01,0.00,64.51,false,0.00,false,0.00,0.00,33,1992-06-15,2024-01-03,,Active,
E100062,Demo,Participant062,2025-02-28,5,Full-Time,Logistics,Raleigh,2580.23,0.00,0.00,0.00,0.00,2580.23,2580.23,2580.23,129.01,0.00,64.51,false,0.00,false,0.00,0.00,33,1992-06-15,2024-01-03,,Active,
E100062,Demo,Participant062,2025-03-14,6,Full-Time,Logistics,Raleigh,2580.23,0.00,0.00,0.00,0.00,2580.23,2580.23,2580.23,129.01,0.00,64.51,false,0.00,false,0.00,0.00,33,1992-06-15,2024-01-03,,Active,
E100062,Demo,Participant062,2025-03-28,7,Full-Time,Logistics,Raleigh,2580.23,0.00,0.00,0.00,0.00,2580.23,2580.23,2580.23,129.01,0.00,64.51,false,0.00,false,0.00,0.00,33,1992-06-15,2024-01-03,,Active,
E100062,Demo,Participant062,2025-04-11,8,Full-Time,Logistics,Raleigh,2580.23,0.00,0.00,0.00,0.00,2580.23,2580.23,2580.23,129.01,0.00,64.51,false,0.00,false,0.00,0.00,33,1992-06-15,2024-01-03,,Active,
E100063,Demo,Participant063,2025-01-03,1,Full-Time,Customer Care,Remote,2644.00,0.00,0.00,0.00,0.00,2644.00,2644.00,2644.00,132.20,0.00,66.10,false,0.00,false,0.00,0.00,34,1991-06-15,2024-01-03,,Active,
E100063,Demo,Participant063,2025-01-17,2,Full-Time,Customer Care,Remote,2644.00,0.00,0.00,0.00,0.00,2644.00,2644.00,2644.00,132.20,0.00,66.10,false,0.00,false,0.00,0.00,34,1991-06-15,2024-01-03,,Active,
E100063,Demo,Participant063,2025-01-31,3,Full-Time,Customer Care,Remote,2644.00,0.00,0.00,0.00,0.00,2644.00,2644.00,2644.00,132.20,0.00,66.10,false,0.00,false,0.00,0.00,34,1991-06-15,2024-01-03,,Active,
E100063,Demo,Participant063,2025-02-14,4,Full-Time,Customer Care,Remote,2644.00,0.00,0.00,0.00,0.00,2644.00,2644.00,2644.00,132.20,0.00,66.10,false,0.00,false,0.00,0.00,34,1991-06-15,2024-01-03,,Active,
E100063,Demo,Participant063,2025-02-28,5,Full-Time,Customer Care,Remote,2644.00,0.00,0.00,0.00,0.00,2644.00,2644.00,2644.00,132.20,0.00,66.10,false,0.00,false,0.00,0.00,34,1991-06-15,2024-01-03,,Active,
E100063,Demo,Participant063,2025-03-14,6,Full-Time,Customer Care,Remote,2644.00,0.00,0.00,0.00,0.00,2644.00,2644.00,2644.00,132.20,0.00,66.10,false,0.00,false,0.00,0.00,34,1991-06-15,2024-01-03,,Active,
E100063,Demo,Participant063,2025-03-28,7,Full-Time,Customer Care,Remote,2644.00,0.00,0.00,0.00,0.00,2644.00,2644.00,2644.00,132.20,0.00,66.10,false,0.00,false,0.00,0.00,34,1991-06-15,2024-01-03,,Active,
E100063,Demo,Participant063,2025-04-11,8,Full-Time,Customer Care,Remote,2644.00,0.00,0.00,0.00,0.00,2644.00,2644.00,2644.00,132.20,0.00,66.10,false,0.00,false,0.00,0.00,34,1991-06-15,2024-01-03,,Active,
E100064,Demo,Participant064,2025-01-03,1,Full-Time,HR,Seattle,2724.31,0.00,0.00,0.00,0.00,2724.31,2724.31,2724.31,102.16,34.05,68.11,false,0.00,false,0.00,0.00,35,1990-06-15,2024-01-03,,Active,
E100064,Demo,Participant064,2025-01-17,2,Full-Time,HR,Seattle,2724.31,0.00,0.00,35.00,0.00,2759.31,2759.31,2724.31,102.16,34.05,68.11,false,0.00,false,0.00,0.00,35,1990-06-15,2024-01-03,,Active,
E100064,Demo,Participant064,2025-01-31,3,Full-Time,HR,Seattle,2724.31,0.00,0.00,0.00,0.00,2724.31,2724.31,2724.31,102.16,34.05,68.11,false,0.00,false,0.00,0.00,35,1990-06-15,2024-01-03,,Active,
E100064,Demo,Participant064,2025-02-14,4,Full-Time,HR,Seattle,2724.31,0.00,0.00,0.00,0.00,2724.31,2724.31,2724.31,102.16,34.05,68.11,false,0.00,false,0.00,0.00,35,1990-06-15,2024-01-03,,Active,
E100064,Demo,Participant064,2025-02-28,5,Full-Time,HR,Seattle,2724.31,0.00,0.00,0.00,0.00,2724.31,2724.31,2724.31,102.16,34.05,68.11,false,0.00,false,0.00,0.00,35,1990-06-15,2024-01-03,,Active,
E100064,Demo,Participant064,2025-03-14,6,Full-Time,HR,Seattle,2724.31,0.00,0.00,0.00,0.00,2724.31,2724.31,2724.31,102.16,34.05,68.11,false,0.00,false,0.00,0.00,35,1990-06-15,2024-01-03,,Active,
E100064,Demo,Participant064,2025-03-28,7,Full-Time,HR,Seattle,2724.31,0.00,0.00,0.00,0.00,2724.31,2724.31,2724.31,102.16,34.05,68.11,false,0.00,false,0.00,0.00,35,1990-06-15,2024-01-03,,Active,
E100064,Demo,Participant064,2025-04-11,8,Full-Time,HR,Seattle,2724.31,0.00,0.00,0.00,0.00,2724.31,2724.31,2724.31,102.16,34.05,68.11,false,0.00,false,0.00,0.00,35,1990-06-15,2024-01-03,,Active,
E100065,Demo,Participant065,2025-01-03,1,Full-Time,Operations,Austin,2792.00,0.00,0.00,0.00,0.00,2792.00,2792.00,2792.00,139.60,0.00,69.80,false,0.00,false,0.00,0.00,36,1989-06-15,2024-01-03,,Active,
E100065,Demo,Participant065,2025-01-17,2,Full-Time,Operations,Austin,2792.00,0.00,0.00,0.00,0.00,2792.00,2792.00,2792.00,139.60,0.00,69.80,false,0.00,false,0.00,0.00,36,1989-06-15,2024-01-03,,Active,
E100065,Demo,Participant065,2025-01-31,3,Full-Time,Operations,Austin,2792.00,0.00,0.00,0.00,0.00,2792.00,2792.00,2792.00,139.60,0.00,69.80,false,0.00,false,0.00,0.00,36,1989-06-15,2024-01-03,,Active,
E100065,Demo,Participant065,2025-02-14,4,Full-Time,Operations,Austin,2792.00,0.00,0.00,0.00,0.00,2792.00,2792.00,2792.00,139.60,0.00,69.80,false,0.00,false,0.00,0.00,36,1989-06-15,2024-01-03,,Active,
E100065,Demo,Participant065,2025-02-28,5,Full-Time,Operations,Austin,2792.00,0.00,0.00,0.00,0.00,2792.00,2792.00,2792.00,139.60,0.00,69.80,false,0.00,false,0.00,0.00,36,1989-06-15,2024-01-03,,Active,
E100065,Demo,Participant065,2025-03-14,6,Full-Time,Operations,Austin,2792.00,0.00,0.00,0.00,0.00,2792.00,2792.00,2792.00,139.60,0.00,69.80,false,0.00,false,0.00,0.00,36,1989-06-15,2024-01-03,,Active,
E100065,Demo,Participant065,2025-03-28,7,Full-Time,Operations,Austin,2792.00,0.00,0.00,0.00,0.00,2792.00,2792.00,2792.00,139.60,0.00,69.80,false,0.00,false,0.00,0.00,36,1989-06-15,2024-01-03,,Active,
E100065,Demo,Participant065,2025-04-11,8,Full-Time,Operations,Austin,2792.00,0.00,0.00,0.00,0.00,2792.00,2792.00,2792.00,139.60,0.00,69.80,false,0.00,false,0.00,0.00,36,1989-06-15,2024-01-03,,Active,
E100066,Demo,Participant066,2025-01-03,1,Part-Time,Finance,Charlotte,2856.27,0.00,0.00,0.00,0.00,2856.27,2856.27,2856.27,142.81,0.00,71.41,false,0.00,false,0.00,0.00,37,1988-06-15,2024-01-03,,Active,
E100066,Demo,Participant066,2025-01-17,2,Part-Time,Finance,Charlotte,2856.27,0.00,0.00,0.00,0.00,2856.27,2856.27,2856.27,142.81,0.00,71.41,false,0.00,false,0.00,0.00,37,1988-06-15,2024-01-03,,Active,
E100066,Demo,Participant066,2025-01-31,3,Part-Time,Finance,Charlotte,2856.27,0.00,0.00,0.00,0.00,2856.27,2856.27,2856.27,142.81,0.00,71.41,false,0.00,false,0.00,0.00,37,1988-06-15,2024-01-03,,Active,
E100066,Demo,Participant066,2025-02-14,4,Part-Time,Finance,Charlotte,2856.27,0.00,0.00,0.00,0.00,2856.27,2856.27,2856.27,142.81,0.00,71.41,false,0.00,false,0.00,0.00,37,1988-06-15,2024-01-03,,Active,
E100066,Demo,Participant066,2025-02-28,5,Part-Time,Finance,Charlotte,2856.27,0.00,0.00,0.00,0.00,2856.27,2856.27,2856.27,142.81,0.00,71.41,false,0.00,false,0.00,0.00,37,1988-06-15,2024-01-03,,Active,
E100066,Demo,Participant066,2025-03-14,6,Part-Time,Finance,Charlotte,2856.27,0.00,0.00,0.00,0.00,2856.27,2856.27,2856.27,142.81,0.00,71.41,false,0.00,false,0.00,0.00,37,1988-06-15,2024-01-03,,Active,
E100066,Demo,Participant066,2025-03-28,7,Part-Time,Finance,Charlotte,2856.27,0.00,0.00,0.00,0.00,2856.27,2856.27,2856.27,142.81,0.00,71.41,false,0.00,false,0.00,0.00,37,1988-06-15,2024-01-03,,Active,
E100066,Demo,Participant066,2025-04-11,8,Part-Time,Finance,Charlotte,2856.27,0.00,0.00,0.00,0.00,2856.27,2856.27,2856.27,142.81,0.00,71.41,false,0.00,false,0.00,0.00,37,1988-06-15,2024-01-03,,Active,
E100067,Demo,Participant067,2025-01-03,1,Full-Time,Sales,Chicago,2939.12,0.00,0.00,0.00,0.00,2939.12,2939.12,2939.12,110.22,36.74,73.48,false,0.00,false,0.00,0.00,38,1987-06-15,2024-01-03,,Active,
E100067,Demo,Participant067,2025-01-17,2,Full-Time,Sales,Chicago,2939.12,0.00,0.00,0.00,0.00,2939.12,2939.12,2939.12,110.22,36.74,73.48,false,0.00,false,0.00,0.00,38,1987-06-15,2024-01-03,,Active,
E100067,Demo,Participant067,2025-01-31,3,Full-Time,Sales,Chicago,2939.12,0.00,0.00,0.00,45.00,2984.12,2984.12,2939.12,110.22,36.74,73.48,false,0.00,false,0.00,0.00,38,1987-06-15,2024-01-03,,Active,
E100067,Demo,Participant067,2025-02-14,4,Full-Time,Sales,Chicago,2939.12,0.00,0.00,0.00,0.00,2939.12,2939.12,2939.12,110.22,36.74,73.48,false,0.00,false,0.00,0.00,38,1987-06-15,2024-01-03,,Active,
E100067,Demo,Participant067,2025-02-28,5,Full-Time,Sales,Chicago,2939.12,0.00,0.00,0.00,0.00,2939.12,2939.12,2939.12,110.22,36.74,73.48,false,0.00,false,0.00,0.00,38,1987-06-15,2024-01-03,,Active,
E100067,Demo,Participant067,2025-03-14,6,Full-Time,Sales,Chicago,2939.12,0.00,0.00,0.00,0.00,2939.12,2939.12,2939.12,110.22,36.74,73.48,false,0.00,false,0.00,0.00,38,1987-06-15,2024-01-03,,Active,
E100067,Demo,Participant067,2025-03-28,7,Full-Time,Sales,Chicago,2939.12,0.00,0.00,0.00,0.00,2939.12,2939.12,2939.12,110.22,36.74,73.48,false,0.00,false,0.00,0.00,38,1987-06-15,2024-01-03,,Active,
E100067,Demo,Participant067,2025-04-11,8,Full-Time,Sales,Chicago,2939.12,0.00,0.00,0.00,0.00,2939.12,2939.12,2939.12,110.22,36.74,73.48,false,0.00,false,0.00,0.00,38,1987-06-15,2024-01-03,,Active,
E100068,Demo,Participant068,2025-01-03,1,Full-Time,Engineering,Denver,2998.12,0.00,0.00,0.00,0.00,2998.12,2998.12,2998.12,149.91,0.00,74.95,false,0.00,false,0.00,0.00,39,1986-06-15,2024-01-03,,Active,
E100068,Demo,Participant068,2025-01-17,2,Full-Time,Engineering,Denver,2998.12,0.00,0.00,0.00,0.00,2998.12,2998.12,2998.12,149.91,0.00,74.95,false,0.00,false,0.00,0.00,39,1986-06-15,2024-01-03,,Active,
E100068,Demo,Participant068,2025-01-31,3,Full-Time,Engineering,Denver,2998.12,0.00,0.00,0.00,0.00,2998.12,2998.12,2998.12,149.91,0.00,74.95,false,0.00,false,0.00,0.00,39,1986-06-15,2024-01-03,,Active,
E100068,Demo,Participant068,2025-02-14,4,Full-Time,Engineering,Denver,2998.12,0.00,0.00,0.00,0.00,2998.12,2998.12,2998.12,149.91,0.00,74.95,false,0.00,false,0.00,0.00,39,1986-06-15,2024-01-03,,Active,
E100068,Demo,Participant068,2025-02-28,5,Full-Time,Engineering,Denver,2998.12,0.00,0.00,0.00,0.00,2998.12,2998.12,2998.12,149.91,0.00,74.95,false,0.00,false,0.00,0.00,39,1986-06-15,2024-01-03,,Active,
E100068,Demo,Participant068,2025-03-14,6,Full-Time,Engineering,Denver,2998.12,0.00,0.00,0.00,0.00,2998.12,2998.12,2998.12,149.91,0.00,74.95,false,0.00,false,0.00,0.00,39,1986-06-15,2024-01-03,,Active,
E100068,Demo,Participant068,2025-03-28,7,Full-Time,Engineering,Denver,2998.12,0.00,0.00,0.00,0.00,2998.12,2998.12,2998.12,149.91,0.00,74.95,false,0.00,false,0.00,0.00,39,1986-06-15,2024-01-03,,Active,
E100068,Demo,Participant068,2025-04-11,8,Full-Time,Engineering,Denver,2998.12,0.00,0.00,0.00,0.00,2998.12,2998.12,2998.12,149.91,0.00,74.95,false,0.00,false,0.00,0.00,39,1986-06-15,2024-01-03,,Active,
E100069,Demo,Participant069,2025-01-03,1,Full-Time,Clinical,Phoenix,3082.35,0.00,0.00,0.00,0.00,3082.35,3082.35,3082.35,154.12,0.00,77.06,false,0.00,false,0.00,0.00,40,1985-06-15,2024-01-03,,Active,
E100069,Demo,Participant069,2025-01-17,2,Full-Time,Clinical,Phoenix,3082.35,0.00,0.00,0.00,0.00,3082.35,3082.35,3082.35,154.12,0.00,77.06,false,0.00,false,0.00,0.00,40,1985-06-15,2024-01-03,,Active,
E100069,Demo,Participant069,2025-01-31,3,Full-Time,Clinical,Phoenix,3082.35,0.00,0.00,0.00,0.00,3082.35,3082.35,3082.35,154.12,0.00,77.06,false,0.00,false,0.00,0.00,40,1985-06-15,2024-01-03,,Active,
E100069,Demo,Participant069,2025-02-14,4,Full-Time,Clinical,Phoenix,3082.35,0.00,0.00,0.00,0.00,3082.35,3082.35,3082.35,154.12,0.00,77.06,false,0.00,false,0.00,0.00,40,1985-06-15,2024-01-03,,Active,
E100069,Demo,Participant069,2025-02-28,5,Full-Time,Clinical,Phoenix,3082.35,0.00,0.00,0.00,0.00,3082.35,3082.35,3082.35,154.12,0.00,77.06,false,0.00,false,0.00,0.00,40,1985-06-15,2024-01-03,,Active,
E100069,Demo,Participant069,2025-03-14,6,Full-Time,Clinical,Phoenix,3082.35,0.00,0.00,0.00,0.00,3082.35,3082.35,3082.35,154.12,0.00,77.06,false,0.00,false,0.00,0.00,40,1985-06-15,2024-01-03,,Active,
E100069,Demo,Participant069,2025-03-28,7,Full-Time,Clinical,Phoenix,3082.35,0.00,0.00,0.00,0.00,3082.35,3082.35,3082.35,154.12,0.00,77.06,false,0.00,false,0.00,0.00,40,1985-06-15,2024-01-03,,Active,
E100069,Demo,Participant069,2025-04-11,8,Full-Time,Clinical,Phoenix,3082.35,0.00,0.00,0.00,0.00,3082.35,3082.35,3082.35,154.12,0.00,77.06,false,0.00,false,0.00,0.00,40,1985-06-15,2024-01-03,,Active,
E100070,Demo,Participant070,2025-01-03,1,Full-Time,Logistics,Raleigh,3147.92,0.00,0.00,0.00,0.00,3147.92,3147.92,3147.92,118.05,39.35,78.70,false,0.00,false,0.00,0.00,41,1984-06-15,2024-01-03,,Active,
E100070,Demo,Participant070,2025-01-17,2,Full-Time,Logistics,Raleigh,3147.92,0.00,0.00,0.00,0.00,3147.92,3147.92,3147.92,118.05,39.35,78.70,false,0.00,false,0.00,0.00,41,1984-06-15,2024-01-03,,Active,
E100070,Demo,Participant070,2025-01-31,3,Full-Time,Logistics,Raleigh,3147.92,0.00,0.00,0.00,0.00,3147.92,3147.92,3147.92,118.05,39.35,78.70,false,0.00,false,0.00,0.00,41,1984-06-15,2024-01-03,,Active,
E100070,Demo,Participant070,2025-02-14,4,Full-Time,Logistics,Raleigh,3147.92,0.00,0.00,0.00,0.00,3147.92,3147.92,3147.92,118.05,39.35,78.70,false,0.00,false,0.00,0.00,41,1984-06-15,2024-01-03,,Active,
E100070,Demo,Participant070,2025-02-28,5,Full-Time,Logistics,Raleigh,3147.92,0.00,0.00,0.00,0.00,3147.92,3147.92,3147.92,118.05,39.35,78.70,false,0.00,false,0.00,0.00,41,1984-06-15,2024-01-03,,Active,
E100070,Demo,Participant070,2025-03-14,6,Full-Time,Logistics,Raleigh,3147.92,0.00,0.00,0.00,0.00,3147.92,3147.92,3147.92,118.05,39.35,78.70,false,0.00,false,0.00,0.00,41,1984-06-15,2024-01-03,,Active,
E100070,Demo,Participant070,2025-03-28,7,Full-Time,Logistics,Raleigh,3147.92,0.00,0.00,0.00,0.00,3147.92,3147.92,3147.92,118.05,39.35,78.70,false,0.00,false,0.00,0.00,41,1984-06-15,2024-01-03,,Active,
E100070,Demo,Participant070,2025-04-11,8,Full-Time,Logistics,Raleigh,3147.92,0.00,0.00,0.00,0.00,3147.92,3147.92,3147.92,118.05,39.35,78.70,false,0.00,false,0.00,0.00,41,1984-06-15,2024-01-03,,Active,
E100071,Demo,Participant071,2025-01-03,1,Part-Time,Customer Care,Remote,3220.69,0.00,0.00,0.00,0.00,3220.69,3220.69,3220.69,161.03,0.00,80.52,false,0.00,false,0.00,0.00,42,1983-06-15,2024-01-03,,Active,
E100071,Demo,Participant071,2025-01-17,2,Part-Time,Customer Care,Remote,3220.69,0.00,0.00,0.00,0.00,3220.69,3220.69,3220.69,161.03,0.00,80.52,false,0.00,false,0.00,0.00,42,1983-06-15,2024-01-03,,Active,
E100071,Demo,Participant071,2025-01-31,3,Part-Time,Customer Care,Remote,3220.69,0.00,0.00,0.00,0.00,3220.69,3220.69,3220.69,161.03,0.00,80.52,false,0.00,false,0.00,0.00,42,1983-06-15,2024-01-03,,Active,
E100071,Demo,Participant071,2025-02-14,4,Part-Time,Customer Care,Remote,3220.69,0.00,0.00,0.00,0.00,3220.69,3220.69,3220.69,161.03,0.00,80.52,false,0.00,false,0.00,0.00,42,1983-06-15,2024-01-03,,Active,
E100071,Demo,Participant071,2025-02-28,5,Part-Time,Customer Care,Remote,3220.69,0.00,0.00,0.00,0.00,3220.69,3220.69,3220.69,161.03,0.00,80.52,false,0.00,false,0.00,0.00,42,1983-06-15,2024-01-03,,Active,
E100071,Demo,Participant071,2025-03-14,6,Part-Time,Customer Care,Remote,3220.69,0.00,0.00,0.00,0.00,3220.69,3220.69,3220.69,161.03,0.00,80.52,false,0.00,false,0.00,0.00,42,1983-06-15,2024-01-03,,Active,
E100071,Demo,Participant071,2025-03-28,7,Part-Time,Customer Care,Remote,3220.69,0.00,0.00,0.00,0.00,3220.69,3220.69,3220.69,161.03,0.00,80.52,false,0.00,false,0.00,0.00,42,1983-06-15,2024-01-03,,Active,
E100071,Demo,Participant071,2025-04-11,8,Part-Time,Customer Care,Remote,3220.69,0.00,0.00,0.00,0.00,3220.69,3220.69,3220.69,161.03,0.00,80.52,false,0.00,false,0.00,0.00,42,1983-06-15,2024-01-03,,Active,
E100072,Demo,Participant072,2025-01-03,1,Full-Time,HR,Seattle,3291.85,0.00,0.00,0.00,0.00,3291.85,3291.85,3291.85,164.59,0.00,82.30,false,0.00,false,0.00,0.00,43,1982-06-15,2024-01-03,,Active,
E100072,Demo,Participant072,2025-01-17,2,Full-Time,HR,Seattle,3291.85,0.00,0.00,0.00,0.00,3291.85,3291.85,3291.85,164.59,0.00,82.30,false,0.00,false,0.00,0.00,43,1982-06-15,2024-01-03,,Active,
E100072,Demo,Participant072,2025-01-31,3,Full-Time,HR,Seattle,3291.85,0.00,0.00,0.00,0.00,3291.85,3291.85,3291.85,164.59,0.00,82.30,false,0.00,false,0.00,0.00,43,1982-06-15,2024-01-03,,Active,
E100072,Demo,Participant072,2025-02-14,4,Full-Time,HR,Seattle,3291.85,0.00,0.00,0.00,0.00,3291.85,3291.85,3291.85,164.59,0.00,82.30,false,0.00,false,0.00,0.00,43,1982-06-15,2024-01-03,,Active,
E100072,Demo,Participant072,2025-02-28,5,Full-Time,HR,Seattle,3291.85,0.00,0.00,0.00,0.00,3291.85,3291.85,3291.85,164.59,0.00,82.30,false,0.00,false,0.00,0.00,43,1982-06-15,2024-01-03,,Active,
E100072,Demo,Participant072,2025-03-14,6,Full-Time,HR,Seattle,3291.85,0.00,0.00,0.00,0.00,3291.85,3291.85,3291.85,164.59,0.00,82.30,false,0.00,false,0.00,0.00,43,1982-06-15,2024-01-03,,Active,
E100072,Demo,Participant072,2025-03-28,7,Full-Time,HR,Seattle,3291.85,0.00,0.00,0.00,0.00,3291.85,3291.85,3291.85,164.59,0.00,82.30,false,0.00,false,0.00,0.00,43,1982-06-15,2024-01-03,,Active,
E100072,Demo,Participant072,2025-04-11,8,Full-Time,HR,Seattle,3291.85,0.00,0.00,0.00,0.00,3291.85,3291.85,3291.85,164.59,0.00,82.30,false,0.00,false,0.00,0.00,43,1982-06-15,2024-01-03,,Active,
E100073,Demo,Participant073,2025-01-03,1,Full-Time,Operations,Austin,3354.92,0.00,0.00,0.00,0.00,3354.92,3354.92,3354.92,125.81,41.94,83.87,false,0.00,false,0.00,0.00,44,1981-06-15,2024-01-03,,Active,
E100073,Demo,Participant073,2025-01-17,2,Full-Time,Operations,Austin,3354.92,0.00,0.00,35.00,0.00,3389.92,3389.92,3354.92,125.81,41.94,83.87,false,0.00,false,0.00,0.00,44,1981-06-15,2024-01-03,,Active,
E100073,Demo,Participant073,2025-01-31,3,Full-Time,Operations,Austin,3354.92,0.00,0.00,0.00,0.00,3354.92,3354.92,3354.92,125.81,41.94,83.87,false,0.00,false,0.00,0.00,44,1981-06-15,2024-01-03,,Active,
E100073,Demo,Participant073,2025-02-14,4,Full-Time,Operations,Austin,3354.92,0.00,0.00,0.00,0.00,3354.92,3354.92,3354.92,125.81,41.94,83.87,false,0.00,false,0.00,0.00,44,1981-06-15,2024-01-03,,Active,
E100073,Demo,Participant073,2025-02-28,5,Full-Time,Operations,Austin,3354.92,0.00,0.00,0.00,0.00,3354.92,3354.92,3354.92,125.81,41.94,83.87,false,0.00,false,0.00,0.00,44,1981-06-15,2024-01-03,,Active,
E100073,Demo,Participant073,2025-03-14,6,Full-Time,Operations,Austin,3354.92,0.00,0.00,0.00,0.00,3354.92,3354.92,3354.92,125.81,41.94,83.87,false,0.00,false,0.00,0.00,44,1981-06-15,2024-01-03,,Active,
E100073,Demo,Participant073,2025-03-28,7,Full-Time,Operations,Austin,3354.92,0.00,0.00,0.00,0.00,3354.92,3354.92,3354.92,125.81,41.94,83.87,false,0.00,false,0.00,0.00,44,1981-06-15,2024-01-03,,Active,
E100073,Demo,Participant073,2025-04-11,8,Full-Time,Operations,Austin,3354.92,0.00,0.00,0.00,0.00,3354.92,3354.92,3354.92,125.81,41.94,83.87,false,0.00,false,0.00,0.00,44,1981-06-15,2024-01-03,,Active,
E100074,Demo,Participant074,2025-01-03,1,Full-Time,Finance,Charlotte,3429.42,0.00,0.00,0.00,0.00,3429.42,3429.42,3429.42,171.47,0.00,85.74,false,0.00,false,0.00,0.00,45,1980-06-15,2024-01-03,,Active,
E100074,Demo,Participant074,2025-01-17,2,Full-Time,Finance,Charlotte,3429.42,0.00,0.00,0.00,0.00,3429.42,3429.42,3429.42,171.47,0.00,85.74,false,0.00,false,0.00,0.00,45,1980-06-15,2024-01-03,,Active,
E100074,Demo,Participant074,2025-01-31,3,Full-Time,Finance,Charlotte,3429.42,0.00,0.00,0.00,0.00,3429.42,3429.42,3429.42,171.47,0.00,85.74,false,0.00,false,0.00,0.00,45,1980-06-15,2024-01-03,,Active,
E100074,Demo,Participant074,2025-02-14,4,Full-Time,Finance,Charlotte,3429.42,0.00,0.00,0.00,0.00,3429.42,3429.42,3429.42,171.47,0.00,85.74,false,0.00,false,0.00,0.00,45,1980-06-15,2024-01-03,,Active,
E100074,Demo,Participant074,2025-02-28,5,Full-Time,Finance,Charlotte,3429.42,0.00,0.00,0.00,0.00,3429.42,3429.42,3429.42,171.47,0.00,85.74,false,0.00,false,0.00,0.00,45,1980-06-15,2024-01-03,,Active,
E100074,Demo,Participant074,2025-03-14,6,Full-Time,Finance,Charlotte,3429.42,0.00,0.00,0.00,0.00,3429.42,3429.42,3429.42,171.47,0.00,85.74,false,0.00,false,0.00,0.00,45,1980-06-15,2024-01-03,,Active,
E100074,Demo,Participant074,2025-03-28,7,Full-Time,Finance,Charlotte,3429.42,0.00,0.00,0.00,0.00,3429.42,3429.42,3429.42,171.47,0.00,85.74,false,0.00,false,0.00,0.00,45,1980-06-15,2024-01-03,,Active,
E100074,Demo,Participant074,2025-04-11,8,Full-Time,Finance,Charlotte,3429.42,0.00,0.00,0.00,0.00,3429.42,3429.42,3429.42,171.47,0.00,85.74,false,0.00,false,0.00,0.00,45,1980-06-15,2024-01-03,,Active,
E100075,Demo,Participant075,2025-01-03,1,Full-Time,Sales,Chicago,3496.15,0.00,0.00,0.00,0.00,3496.15,3496.15,3496.15,174.81,0.00,87.40,false,0.00,false,0.00,0.00,46,1979-06-15,2024-01-03,,Active,
E100075,Demo,Participant075,2025-01-17,2,Full-Time,Sales,Chicago,3496.15,0.00,0.00,0.00,0.00,3496.15,3496.15,3496.15,174.81,0.00,87.40,false,0.00,false,0.00,0.00,46,1979-06-15,2024-01-03,,Active,
E100075,Demo,Participant075,2025-01-31,3,Full-Time,Sales,Chicago,3496.15,0.00,0.00,0.00,0.00,3496.15,3496.15,3496.15,174.81,0.00,87.40,false,0.00,false,0.00,0.00,46,1979-06-15,2024-01-03,,Active,
E100075,Demo,Participant075,2025-02-14,4,Full-Time,Sales,Chicago,3496.15,0.00,0.00,0.00,0.00,3496.15,3496.15,3496.15,174.81,0.00,87.40,false,0.00,false,0.00,0.00,46,1979-06-15,2024-01-03,,Active,
E100075,Demo,Participant075,2025-02-28,5,Full-Time,Sales,Chicago,3496.15,0.00,0.00,0.00,0.00,3496.15,3496.15,3496.15,174.81,0.00,87.40,false,0.00,false,0.00,0.00,46,1979-06-15,2024-01-03,,Active,
E100075,Demo,Participant075,2025-03-14,6,Full-Time,Sales,Chicago,3496.15,0.00,0.00,0.00,0.00,3496.15,3496.15,3496.15,174.81,0.00,87.40,false,0.00,false,0.00,0.00,46,1979-06-15,2024-01-03,,Active,
E100075,Demo,Participant075,2025-03-28,7,Full-Time,Sales,Chicago,3496.15,0.00,0.00,0.00,0.00,3496.15,3496.15,3496.15,174.81,0.00,87.40,false,0.00,false,0.00,0.00,46,1979-06-15,2024-01-03,,Active,
E100075,Demo,Participant075,2025-04-11,8,Full-Time,Sales,Chicago,3496.15,0.00,0.00,0.00,0.00,3496.15,3496.15,3496.15,174.81,0.00,87.40,false,0.00,false,0.00,0.00,46,1979-06-15,2024-01-03,,Active,
E100076,Demo,Participant076,2025-01-03,1,Part-Time,Engineering,Denver,3574.27,0.00,0.00,0.00,0.00,3574.27,3574.27,3574.27,134.04,44.68,89.36,false,0.00,false,0.00,0.00,32,1993-06-15,2024-01-03,,Active,
E100076,Demo,Participant076,2025-01-17,2,Part-Time,Engineering,Denver,3574.27,0.00,0.00,0.00,0.00,3574.27,3574.27,3574.27,134.04,44.68,89.36,false,0.00,false,0.00,0.00,32,1993-06-15,2024-01-03,,Active,
E100076,Demo,Participant076,2025-01-31,3,Part-Time,Engineering,Denver,3574.27,0.00,0.00,0.00,0.00,3574.27,3574.27,3574.27,134.04,44.68,89.36,false,0.00,false,0.00,0.00,32,1993-06-15,2024-01-03,,Active,
E100076,Demo,Participant076,2025-02-14,4,Part-Time,Engineering,Denver,3574.27,0.00,0.00,0.00,0.00,3574.27,3574.27,3574.27,134.04,44.68,89.36,false,0.00,false,0.00,0.00,32,1993-06-15,2024-01-03,,Active,
E100076,Demo,Participant076,2025-02-28,5,Part-Time,Engineering,Denver,3574.27,0.00,0.00,0.00,0.00,3574.27,3574.27,3574.27,134.04,44.68,89.36,false,0.00,false,0.00,0.00,32,1993-06-15,2024-01-03,,Active,
E100076,Demo,Participant076,2025-03-14,6,Part-Time,Engineering,Denver,3574.27,0.00,0.00,0.00,0.00,3574.27,3574.27,3574.27,134.04,44.68,89.36,false,0.00,false,0.00,0.00,32,1993-06-15,2024-01-03,,Active,
E100076,Demo,Participant076,2025-03-28,7,Part-Time,Engineering,Denver,3574.27,0.00,0.00,0.00,0.00,3574.27,3574.27,3574.27,134.04,44.68,89.36,false,0.00,false,0.00,0.00,32,1993-06-15,2024-01-03,,Active,
E100076,Demo,Participant076,2025-04-11,8,Part-Time,Engineering,Denver,3574.27,0.00,0.00,0.00,0.00,3574.27,3574.27,3574.27,134.04,44.68,89.36,false,0.00,false,0.00,0.00,32,1993-06-15,2024-01-03,,Active,
E100077,Demo,Participant077,2025-01-03,1,Full-Time,Clinical,Phoenix,3645.19,0.00,0.00,0.00,0.00,3645.19,3645.19,3645.19,182.26,0.00,91.13,false,0.00,false,0.00,0.00,33,1992-06-15,2024-01-03,,Active,
E100077,Demo,Participant077,2025-01-17,2,Full-Time,Clinical,Phoenix,3645.19,0.00,0.00,0.00,0.00,3645.19,3645.19,3645.19,182.26,0.00,91.13,false,0.00,false,0.00,0.00,33,1992-06-15,2024-01-03,,Active,
E100077,Demo,Participant077,2025-01-31,3,Full-Time,Clinical,Phoenix,3645.19,0.00,0.00,0.00,0.00,3645.19,3645.19,3645.19,182.26,0.00,91.13,false,0.00,false,0.00,0.00,33,1992-06-15,2024-01-03,,Active,
E100077,Demo,Participant077,2025-02-14,4,Full-Time,Clinical,Phoenix,3645.19,0.00,0.00,0.00,0.00,3645.19,3645.19,3645.19,182.26,0.00,91.13,false,0.00,false,0.00,0.00,33,1992-06-15,2024-01-03,,Active,
E100077,Demo,Participant077,2025-02-28,5,Full-Time,Clinical,Phoenix,3645.19,0.00,0.00,0.00,0.00,3645.19,3645.19,3645.19,182.26,0.00,91.13,false,0.00,false,0.00,0.00,33,1992-06-15,2024-01-03,,Active,
E100077,Demo,Participant077,2025-03-14,6,Full-Time,Clinical,Phoenix,3645.19,0.00,0.00,0.00,0.00,3645.19,3645.19,3645.19,182.26,0.00,91.13,false,0.00,false,0.00,0.00,33,1992-06-15,2024-01-03,,Active,
E100077,Demo,Participant077,2025-03-28,7,Full-Time,Clinical,Phoenix,3645.19,0.00,0.00,0.00,0.00,3645.19,3645.19,3645.19,182.26,0.00,91.13,false,0.00,false,0.00,0.00,33,1992-06-15,2024-01-03,,Active,
E100077,Demo,Participant077,2025-04-11,8,Full-Time,Clinical,Phoenix,3645.19,0.00,0.00,0.00,0.00,3645.19,3645.19,3645.19,182.26,0.00,91.13,false,0.00,false,0.00,0.00,33,1992-06-15,2024-01-03,,Active,
E100078,Demo,Participant078,2025-01-03,1,Full-Time,Logistics,Raleigh,3710.08,0.00,0.00,0.00,0.00,3710.08,3710.08,3710.08,185.50,0.00,92.75,false,0.00,false,0.00,0.00,34,1991-06-15,2024-01-03,,Active,
E100078,Demo,Participant078,2025-01-17,2,Full-Time,Logistics,Raleigh,3710.08,0.00,0.00,0.00,0.00,3710.08,3710.08,3710.08,185.50,0.00,92.75,false,0.00,false,0.00,0.00,34,1991-06-15,2024-01-03,,Active,
E100078,Demo,Participant078,2025-01-31,3,Full-Time,Logistics,Raleigh,3710.08,0.00,0.00,0.00,45.00,3755.08,3755.08,3710.08,185.50,0.00,92.75,false,0.00,false,0.00,0.00,34,1991-06-15,2024-01-03,,Active,
E100078,Demo,Participant078,2025-02-14,4,Full-Time,Logistics,Raleigh,3710.08,0.00,0.00,0.00,0.00,3710.08,3710.08,3710.08,185.50,0.00,92.75,false,0.00,false,0.00,0.00,34,1991-06-15,2024-01-03,,Active,
E100078,Demo,Participant078,2025-02-28,5,Full-Time,Logistics,Raleigh,3710.08,0.00,0.00,0.00,0.00,3710.08,3710.08,3710.08,185.50,0.00,92.75,false,0.00,false,0.00,0.00,34,1991-06-15,2024-01-03,,Active,
E100078,Demo,Participant078,2025-03-14,6,Full-Time,Logistics,Raleigh,3710.08,0.00,0.00,0.00,0.00,3710.08,3710.08,3710.08,185.50,0.00,92.75,false,0.00,false,0.00,0.00,34,1991-06-15,2024-01-03,,Active,
E100078,Demo,Participant078,2025-03-28,7,Full-Time,Logistics,Raleigh,3710.08,0.00,0.00,0.00,0.00,3710.08,3710.08,3710.08,185.50,0.00,92.75,false,0.00,false,0.00,0.00,34,1991-06-15,2024-01-03,,Active,
E100078,Demo,Participant078,2025-04-11,8,Full-Time,Logistics,Raleigh,3710.08,0.00,0.00,0.00,0.00,3710.08,3710.08,3710.08,185.50,0.00,92.75,false,0.00,false,0.00,0.00,34,1991-06-15,2024-01-03,,Active,
E100079,Demo,Participant079,2025-01-03,1,Full-Time,Customer Care,Remote,3786.15,0.00,0.00,0.00,0.00,3786.15,3786.15,3786.15,141.98,47.33,94.65,false,0.00,false,0.00,0.00,35,1990-06-15,2024-01-03,,Active,
E100079,Demo,Participant079,2025-01-17,2,Full-Time,Customer Care,Remote,3786.15,0.00,0.00,0.00,0.00,3786.15,3786.15,3786.15,141.98,47.33,94.65,false,0.00,false,0.00,0.00,35,1990-06-15,2024-01-03,,Active,
E100079,Demo,Participant079,2025-01-31,3,Full-Time,Customer Care,Remote,3786.15,0.00,0.00,0.00,0.00,3786.15,3786.15,3786.15,141.98,47.33,94.65,false,0.00,false,0.00,0.00,35,1990-06-15,2024-01-03,,Active,
E100079,Demo,Participant079,2025-02-14,4,Full-Time,Customer Care,Remote,3786.15,0.00,0.00,0.00,0.00,3786.15,3786.15,3786.15,141.98,47.33,94.65,false,0.00,false,0.00,0.00,35,1990-06-15,2024-01-03,,Active,
E100079,Demo,Participant079,2025-02-28,5,Full-Time,Customer Care,Remote,3786.15,0.00,0.00,0.00,0.00,3786.15,3786.15,3786.15,141.98,47.33,94.65,false,0.00,false,0.00,0.00,35,1990-06-15,2024-01-03,,Active,
E100079,Demo,Participant079,2025-03-14,6,Full-Time,Customer Care,Remote,3786.15,0.00,0.00,0.00,0.00,3786.15,3786.15,3786.15,141.98,47.33,94.65,false,0.00,false,0.00,0.00,35,1990-06-15,2024-01-03,,Active,
E100079,Demo,Participant079,2025-03-28,7,Full-Time,Customer Care,Remote,3786.15,0.00,0.00,0.00,0.00,3786.15,3786.15,3786.15,141.98,47.33,94.65,false,0.00,false,0.00,0.00,35,1990-06-15,2024-01-03,,Active,
E100079,Demo,Participant079,2025-04-11,8,Full-Time,Customer Care,Remote,3786.15,0.00,0.00,0.00,0.00,3786.15,3786.15,3786.15,141.98,47.33,94.65,false,0.00,false,0.00,0.00,35,1990-06-15,2024-01-03,,Active,
E100080,Demo,Participant080,2025-01-03,1,Full-Time,HR,Seattle,3852.27,0.00,0.00,0.00,0.00,3852.27,3852.27,3852.27,192.61,0.00,96.31,false,0.00,false,0.00,0.00,36,1989-06-15,2024-01-03,,Active,
E100080,Demo,Participant080,2025-01-17,2,Full-Time,HR,Seattle,3852.27,0.00,0.00,0.00,0.00,3852.27,3852.27,3852.27,192.61,0.00,96.31,false,0.00,false,0.00,0.00,36,1989-06-15,2024-01-03,,Active,
E100080,Demo,Participant080,2025-01-31,3,Full-Time,HR,Seattle,3852.27,0.00,0.00,0.00,0.00,3852.27,3852.27,3852.27,192.61,0.00,96.31,false,0.00,false,0.00,0.00,36,1989-06-15,2024-01-03,,Active,
E100080,Demo,Participant080,2025-02-14,4,Full-Time,HR,Seattle,3852.27,0.00,0.00,0.00,0.00,3852.27,3852.27,3852.27,192.61,0.00,96.31,false,0.00,false,0.00,0.00,36,1989-06-15,2024-01-03,,Active,
E100080,Demo,Participant080,2025-02-28,5,Full-Time,HR,Seattle,3852.27,0.00,0.00,0.00,0.00,3852.27,3852.27,3852.27,192.61,0.00,96.31,false,0.00,false,0.00,0.00,36,1989-06-15,2024-01-03,,Active,
E100080,Demo,Participant080,2025-03-14,6,Full-Time,HR,Seattle,3852.27,0.00,0.00,0.00,0.00,3852.27,3852.27,3852.27,192.61,0.00,96.31,false,0.00,false,0.00,0.00,36,1989-06-15,2024-01-03,,Active,
E100080,Demo,Participant080,2025-03-28,7,Full-Time,HR,Seattle,3852.27,0.00,0.00,0.00,0.00,3852.27,3852.27,3852.27,192.61,0.00,96.31,false,0.00,false,0.00,0.00,36,1989-06-15,2024-01-03,,Active,
E100080,Demo,Participant080,2025-04-11,8,Full-Time,HR,Seattle,3852.27,0.00,0.00,0.00,0.00,3852.27,3852.27,3852.27,192.61,0.00,96.31,false,0.00,false,0.00,0.00,36,1989-06-15,2024-01-03,,Active,
E100081,Demo,Participant081,2025-01-03,1,Part-Time,Operations,Austin,2509.96,0.00,0.00,0.00,0.00,2509.96,2509.96,2509.96,125.50,0.00,62.75,false,0.00,false,0.00,0.00,37,1988-06-15,2024-01-03,,Active,
E100081,Demo,Participant081,2025-01-17,2,Part-Time,Operations,Austin,2509.96,0.00,0.00,0.00,0.00,2509.96,2509.96,2509.96,125.50,0.00,62.75,false,0.00,false,0.00,0.00,37,1988-06-15,2024-01-03,,Active,
E100081,Demo,Participant081,2025-01-31,3,Part-Time,Operations,Austin,2509.96,0.00,0.00,0.00,0.00,2509.96,2509.96,2509.96,125.50,0.00,62.75,false,0.00,false,0.00,0.00,37,1988-06-15,2024-01-03,,Active,
E100081,Demo,Participant081,2025-02-14,4,Part-Time,Operations,Austin,2509.96,0.00,0.00,0.00,0.00,2509.96,2509.96,2509.96,125.50,0.00,62.75,false,0.00,false,0.00,0.00,37,1988-06-15,2024-01-03,,Active,
E100081,Demo,Participant081,2025-02-28,5,Part-Time,Operations,Austin,2509.96,0.00,0.00,0.00,0.00,2509.96,2509.96,2509.96,125.50,0.00,62.75,false,0.00,false,0.00,0.00,37,1988-06-15,2024-01-03,,Active,
E100081,Demo,Participant081,2025-03-14,6,Part-Time,Operations,Austin,2509.96,0.00,0.00,0.00,0.00,2509.96,2509.96,2509.96,125.50,0.00,62.75,false,0.00,false,0.00,0.00,37,1988-06-15,2024-01-03,,Active,
E100081,Demo,Participant081,2025-03-28,7,Part-Time,Operations,Austin,2509.96,0.00,0.00,0.00,0.00,2509.96,2509.96,2509.96,125.50,0.00,62.75,false,0.00,false,0.00,0.00,37,1988-06-15,2024-01-03,,Active,
E100081,Demo,Participant081,2025-04-11,8,Part-Time,Operations,Austin,2509.96,0.00,0.00,0.00,0.00,2509.96,2509.96,2509.96,125.50,0.00,62.75,false,0.00,false,0.00,0.00,37,1988-06-15,2024-01-03,,Active,
E100082,Demo,Participant082,2025-01-03,1,Full-Time,Finance,Charlotte,2572.08,0.00,0.00,0.00,0.00,2572.08,2572.08,2572.08,96.45,32.15,64.30,false,0.00,false,0.00,0.00,38,1987-06-15,2024-01-03,,Active,
E100082,Demo,Participant082,2025-01-17,2,Full-Time,Finance,Charlotte,2572.08,0.00,0.00,35.00,0.00,2607.08,2607.08,2572.08,96.45,32.15,64.30,false,0.00,false,0.00,0.00,38,1987-06-15,2024-01-03,,Active,
E100082,Demo,Participant082,2025-01-31,3,Full-Time,Finance,Charlotte,2572.08,0.00,0.00,0.00,0.00,2572.08,2572.08,2572.08,96.45,32.15,64.30,false,0.00,false,0.00,0.00,38,1987-06-15,2024-01-03,,Active,
E100082,Demo,Participant082,2025-02-14,4,Full-Time,Finance,Charlotte,2572.08,0.00,0.00,0.00,0.00,2572.08,2572.08,2572.08,96.45,32.15,64.30,false,0.00,false,0.00,0.00,38,1987-06-15,2024-01-03,,Active,
E100082,Demo,Participant082,2025-02-28,5,Full-Time,Finance,Charlotte,2572.08,0.00,0.00,0.00,0.00,2572.08,2572.08,2572.08,96.45,32.15,64.30,false,0.00,false,0.00,0.00,38,1987-06-15,2024-01-03,,Active,
E100082,Demo,Participant082,2025-03-14,6,Full-Time,Finance,Charlotte,2572.08,0.00,0.00,0.00,0.00,2572.08,2572.08,2572.08,96.45,32.15,64.30,false,0.00,false,0.00,0.00,38,1987-06-15,2024-01-03,,Active,
E100082,Demo,Participant082,2025-03-28,7,Full-Time,Finance,Charlotte,2572.08,0.00,0.00,0.00,0.00,2572.08,2572.08,2572.08,96.45,32.15,64.30,false,0.00,false,0.00,0.00,38,1987-06-15,2024-01-03,,Active,
E100082,Demo,Participant082,2025-04-11,8,Full-Time,Finance,Charlotte,2572.08,0.00,0.00,0.00,0.00,2572.08,2572.08,2572.08,96.45,32.15,64.30,false,0.00,false,0.00,0.00,38,1987-06-15,2024-01-03,,Active,
E100083,Demo,Participant083,2025-01-03,1,Full-Time,Sales,Chicago,2647.38,0.00,0.00,0.00,0.00,2647.38,2647.38,2647.38,132.37,0.00,66.18,false,0.00,false,0.00,0.00,39,1986-06-15,2024-01-03,,Active,
E100083,Demo,Participant083,2025-01-17,2,Full-Time,Sales,Chicago,2647.38,0.00,0.00,0.00,0.00,2647.38,2647.38,2647.38,132.37,0.00,66.18,false,0.00,false,0.00,0.00,39,1986-06-15,2024-01-03,,Active,
E100083,Demo,Participant083,2025-01-31,3,Full-Time,Sales,Chicago,2647.38,0.00,0.00,0.00,0.00,2647.38,2647.38,2647.38,132.37,0.00,66.18,false,0.00,false,0.00,0.00,39,1986-06-15,2024-01-03,,Active,
E100083,Demo,Participant083,2025-02-14,4,Full-Time,Sales,Chicago,2647.38,0.00,0.00,0.00,0.00,2647.38,2647.38,2647.38,132.37,0.00,66.18,false,0.00,false,0.00,0.00,39,1986-06-15,2024-01-03,,Active,
E100083,Demo,Participant083,2025-02-28,5,Full-Time,Sales,Chicago,2647.38,0.00,0.00,0.00,0.00,2647.38,2647.38,2647.38,132.37,0.00,66.18,false,0.00,false,0.00,0.00,39,1986-06-15,2024-01-03,,Active,
E100083,Demo,Participant083,2025-03-14,6,Full-Time,Sales,Chicago,2647.38,0.00,0.00,0.00,0.00,2647.38,2647.38,2647.38,132.37,0.00,66.18,false,0.00,false,0.00,0.00,39,1986-06-15,2024-01-03,,Active,
E100083,Demo,Participant083,2025-03-28,7,Full-Time,Sales,Chicago,2647.38,0.00,0.00,0.00,0.00,2647.38,2647.38,2647.38,132.37,0.00,66.18,false,0.00,false,0.00,0.00,39,1986-06-15,2024-01-03,,Active,
E100083,Demo,Participant083,2025-04-11,8,Full-Time,Sales,Chicago,2647.38,0.00,0.00,0.00,0.00,2647.38,2647.38,2647.38,132.37,0.00,66.18,false,0.00,false,0.00,0.00,39,1986-06-15,2024-01-03,,Active,
E100084,Demo,Participant084,2025-01-03,1,Full-Time,Engineering,Denver,2721.81,0.00,0.00,0.00,0.00,2721.81,2721.81,2721.81,136.09,0.00,68.05,false,0.00,false,0.00,0.00,40,1985-06-15,2024-01-03,,Active,
E100084,Demo,Participant084,2025-01-17,2,Full-Time,Engineering,Denver,2721.81,0.00,0.00,0.00,0.00,2721.81,2721.81,2721.81,136.09,0.00,68.05,false,0.00,false,0.00,0.00,40,1985-06-15,2024-01-03,,Active,
E100084,Demo,Participant084,2025-01-31,3,Full-Time,Engineering,Denver,2721.81,0.00,0.00,0.00,0.00,2721.81,2721.81,2721.81,136.09,0.00,68.05,false,0.00,false,0.00,0.00,40,1985-06-15,2024-01-03,,Active,
E100084,Demo,Participant084,2025-02-14,4,Full-Time,Engineering,Denver,2721.81,0.00,0.00,0.00,0.00,2721.81,2721.81,2721.81,136.09,0.00,68.05,false,0.00,false,0.00,0.00,40,1985-06-15,2024-01-03,,Active,
E100084,Demo,Participant084,2025-02-28,5,Full-Time,Engineering,Denver,2721.81,0.00,0.00,0.00,0.00,2721.81,2721.81,2721.81,136.09,0.00,68.05,false,0.00,false,0.00,0.00,40,1985-06-15,2024-01-03,,Active,
E100084,Demo,Participant084,2025-03-14,6,Full-Time,Engineering,Denver,2721.81,0.00,0.00,0.00,0.00,2721.81,2721.81,2721.81,136.09,0.00,68.05,false,0.00,false,0.00,0.00,40,1985-06-15,2024-01-03,,Active,
E100084,Demo,Participant084,2025-03-28,7,Full-Time,Engineering,Denver,2721.81,0.00,0.00,0.00,0.00,2721.81,2721.81,2721.81,136.09,0.00,68.05,false,0.00,false,0.00,0.00,40,1985-06-15,2024-01-03,,Active,
E100084,Demo,Participant084,2025-04-11,8,Full-Time,Engineering,Denver,2721.81,0.00,0.00,0.00,0.00,2721.81,2721.81,2721.81,136.09,0.00,68.05,false,0.00,false,0.00,0.00,40,1985-06-15,2024-01-03,,Active,
E100085,Demo,Participant085,2025-01-03,1,Full-Time,Clinical,Phoenix,2786.77,0.00,0.00,0.00,0.00,2786.77,2786.77,2786.77,104.50,34.83,69.67,false,0.00,false,0.00,0.00,41,1984-06-15,2024-01-03,,Active,
E100085,Demo,Participant085,2025-01-17,2,Full-Time,Clinical,Phoenix,2786.77,0.00,0.00,0.00,0.00,2786.77,2786.77,2786.77,104.50,34.83,69.67,false,0.00,false,0.00,0.00,41,1984-06-15,2024-01-03,,Active,
E100085,Demo,Participant085,2025-01-31,3,Full-Time,Clinical,Phoenix,2786.77,0.00,0.00,0.00,0.00,2786.77,2786.77,2786.77,104.50,34.83,69.67,false,0.00,false,0.00,0.00,41,1984-06-15,2024-01-03,,Active,
E100085,Demo,Participant085,2025-02-14,4,Full-Time,Clinical,Phoenix,2786.77,0.00,0.00,0.00,0.00,2786.77,2786.77,2786.77,104.50,34.83,69.67,false,0.00,false,0.00,0.00,41,1984-06-15,2024-01-03,,Active,
E100085,Demo,Participant085,2025-02-28,5,Full-Time,Clinical,Phoenix,2786.77,0.00,0.00,0.00,0.00,2786.77,2786.77,2786.77,104.50,34.83,69.67,false,0.00,false,0.00,0.00,41,1984-06-15,2024-01-03,,Active,
E100085,Demo,Participant085,2025-03-14,6,Full-Time,Clinical,Phoenix,2786.77,0.00,0.00,0.00,0.00,2786.77,2786.77,2786.77,104.50,34.83,69.67,false,0.00,false,0.00,0.00,41,1984-06-15,2024-01-03,,Active,
E100085,Demo,Participant085,2025-03-28,7,Full-Time,Clinical,Phoenix,2786.77,0.00,0.00,0.00,0.00,2786.77,2786.77,2786.77,104.50,34.83,69.67,false,0.00,false,0.00,0.00,41,1984-06-15,2024-01-03,,Active,
E100085,Demo,Participant085,2025-04-11,8,Full-Time,Clinical,Phoenix,2786.77,0.00,0.00,0.00,0.00,2786.77,2786.77,2786.77,104.50,34.83,69.67,false,0.00,false,0.00,0.00,41,1984-06-15,2024-01-03,,Active,
E100086,Demo,Participant086,2025-01-03,1,Part-Time,Logistics,Raleigh,2867.15,0.00,0.00,0.00,0.00,2867.15,2867.15,2867.15,143.36,0.00,71.68,false,0.00,false,0.00,0.00,42,1983-06-15,2024-01-03,,Active,
E100086,Demo,Participant086,2025-01-17,2,Part-Time,Logistics,Raleigh,2867.15,0.00,0.00,0.00,0.00,2867.15,2867.15,2867.15,143.36,0.00,71.68,false,0.00,false,0.00,0.00,42,1983-06-15,2024-01-03,,Active,
E100086,Demo,Participant086,2025-01-31,3,Part-Time,Logistics,Raleigh,2867.15,0.00,0.00,0.00,0.00,2867.15,2867.15,2867.15,143.36,0.00,71.68,false,0.00,false,0.00,0.00,42,1983-06-15,2024-01-03,,Active,
E100086,Demo,Participant086,2025-02-14,4,Part-Time,Logistics,Raleigh,2867.15,0.00,0.00,0.00,0.00,2867.15,2867.15,2867.15,143.36,0.00,71.68,false,0.00,false,0.00,0.00,42,1983-06-15,2024-01-03,,Active,
E100086,Demo,Participant086,2025-02-28,5,Part-Time,Logistics,Raleigh,2867.15,0.00,0.00,0.00,0.00,2867.15,2867.15,2867.15,143.36,0.00,71.68,false,0.00,false,0.00,0.00,42,1983-06-15,2024-01-03,,Active,
E100086,Demo,Participant086,2025-03-14,6,Part-Time,Logistics,Raleigh,2867.15,0.00,0.00,0.00,0.00,2867.15,2867.15,2867.15,143.36,0.00,71.68,false,0.00,false,0.00,0.00,42,1983-06-15,2024-01-03,,Active,
E100086,Demo,Participant086,2025-03-28,7,Part-Time,Logistics,Raleigh,2867.15,0.00,0.00,0.00,0.00,2867.15,2867.15,2867.15,143.36,0.00,71.68,false,0.00,false,0.00,0.00,42,1983-06-15,2024-01-03,,Active,
E100086,Demo,Participant086,2025-04-11,8,Part-Time,Logistics,Raleigh,2867.15,0.00,0.00,0.00,0.00,2867.15,2867.15,2867.15,143.36,0.00,71.68,false,0.00,false,0.00,0.00,42,1983-06-15,2024-01-03,,Active,
E100087,Demo,Participant087,2025-01-03,1,Full-Time,Customer Care,Remote,2932.58,0.00,0.00,0.00,0.00,2932.58,2932.58,2932.58,146.63,0.00,73.31,false,0.00,false,0.00,0.00,43,1982-06-15,2024-01-03,,Active,
E100087,Demo,Participant087,2025-01-17,2,Full-Time,Customer Care,Remote,2932.58,0.00,0.00,0.00,0.00,2932.58,2932.58,2932.58,146.63,0.00,73.31,false,0.00,false,0.00,0.00,43,1982-06-15,2024-01-03,,Active,
E100087,Demo,Participant087,2025-01-31,3,Full-Time,Customer Care,Remote,2932.58,0.00,0.00,0.00,0.00,2932.58,2932.58,2932.58,146.63,0.00,73.31,false,0.00,false,0.00,0.00,43,1982-06-15,2024-01-03,,Active,
E100087,Demo,Participant087,2025-02-14,4,Full-Time,Customer Care,Remote,2932.58,0.00,0.00,0.00,0.00,2932.58,2932.58,2932.58,146.63,0.00,73.31,false,0.00,false,0.00,0.00,43,1982-06-15,2024-01-03,,Active,
E100087,Demo,Participant087,2025-02-28,5,Full-Time,Customer Care,Remote,2932.58,0.00,0.00,0.00,0.00,2932.58,2932.58,2932.58,146.63,0.00,73.31,false,0.00,false,0.00,0.00,43,1982-06-15,2024-01-03,,Active,
E100087,Demo,Participant087,2025-03-14,6,Full-Time,Customer Care,Remote,2932.58,0.00,0.00,0.00,0.00,2932.58,2932.58,2932.58,146.63,0.00,73.31,false,0.00,false,0.00,0.00,43,1982-06-15,2024-01-03,,Active,
E100087,Demo,Participant087,2025-03-28,7,Full-Time,Customer Care,Remote,2932.58,0.00,0.00,0.00,0.00,2932.58,2932.58,2932.58,146.63,0.00,73.31,false,0.00,false,0.00,0.00,43,1982-06-15,2024-01-03,,Active,
E100087,Demo,Participant087,2025-04-11,8,Full-Time,Customer Care,Remote,2932.58,0.00,0.00,0.00,0.00,2932.58,2932.58,2932.58,146.63,0.00,73.31,false,0.00,false,0.00,0.00,43,1982-06-15,2024-01-03,,Active,
E100088,Demo,Participant088,2025-01-03,1,Full-Time,HR,Seattle,3002.92,0.00,0.00,0.00,0.00,3002.92,3002.92,3002.92,112.61,37.54,75.07,false,0.00,false,0.00,0.00,44,1981-06-15,2024-01-03,,Active,
E100088,Demo,Participant088,2025-01-17,2,Full-Time,HR,Seattle,3002.92,0.00,0.00,0.00,0.00,3002.92,3002.92,3002.92,112.61,37.54,75.07,false,0.00,false,0.00,0.00,44,1981-06-15,2024-01-03,,Active,
E100088,Demo,Participant088,2025-01-31,3,Full-Time,HR,Seattle,3002.92,0.00,0.00,0.00,0.00,3002.92,3002.92,3002.92,112.61,37.54,75.07,false,0.00,false,0.00,0.00,44,1981-06-15,2024-01-03,,Active,
E100088,Demo,Participant088,2025-02-14,4,Full-Time,HR,Seattle,3002.92,0.00,0.00,0.00,0.00,3002.92,3002.92,3002.92,112.61,37.54,75.07,false,0.00,false,0.00,0.00,44,1981-06-15,2024-01-03,,Active,
E100088,Demo,Participant088,2025-02-28,5,Full-Time,HR,Seattle,3002.92,0.00,0.00,0.00,0.00,3002.92,3002.92,3002.92,112.61,37.54,75.07,false,0.00,false,0.00,0.00,44,1981-06-15,2024-01-03,,Active,
E100088,Demo,Participant088,2025-03-14,6,Full-Time,HR,Seattle,3002.92,0.00,0.00,0.00,0.00,3002.92,3002.92,3002.92,112.61,37.54,75.07,false,0.00,false,0.00,0.00,44,1981-06-15,2024-01-03,,Active,
E100088,Demo,Participant088,2025-03-28,7,Full-Time,HR,Seattle,3002.92,0.00,0.00,0.00,0.00,3002.92,3002.92,3002.92,112.61,37.54,75.07,false,0.00,false,0.00,0.00,44,1981-06-15,2024-01-03,,Active,
E100088,Demo,Participant088,2025-04-11,8,Full-Time,HR,Seattle,3002.92,0.00,0.00,0.00,0.00,3002.92,3002.92,3002.92,112.61,37.54,75.07,false,0.00,false,0.00,0.00,44,1981-06-15,2024-01-03,,Active,
E100089,Demo,Participant089,2025-01-03,1,Full-Time,Operations,Austin,3077.62,0.00,0.00,0.00,0.00,3077.62,3077.62,3077.62,153.88,0.00,76.94,false,0.00,false,0.00,0.00,45,1980-06-15,2024-01-03,,Active,
E100089,Demo,Participant089,2025-01-17,2,Full-Time,Operations,Austin,3077.62,0.00,0.00,0.00,0.00,3077.62,3077.62,3077.62,153.88,0.00,76.94,false,0.00,false,0.00,0.00,45,1980-06-15,2024-01-03,,Active,
E100089,Demo,Participant089,2025-01-31,3,Full-Time,Operations,Austin,3077.62,0.00,0.00,0.00,45.00,3122.62,3122.62,3077.62,153.88,0.00,76.94,false,0.00,false,0.00,0.00,45,1980-06-15,2024-01-03,,Active,
E100089,Demo,Participant089,2025-02-14,4,Full-Time,Operations,Austin,3077.62,0.00,0.00,0.00,0.00,3077.62,3077.62,3077.62,153.88,0.00,76.94,false,0.00,false,0.00,0.00,45,1980-06-15,2024-01-03,,Active,
E100089,Demo,Participant089,2025-02-28,5,Full-Time,Operations,Austin,3077.62,0.00,0.00,0.00,0.00,3077.62,3077.62,3077.62,153.88,0.00,76.94,false,0.00,false,0.00,0.00,45,1980-06-15,2024-01-03,,Active,
E100089,Demo,Participant089,2025-03-14,6,Full-Time,Operations,Austin,3077.62,0.00,0.00,0.00,0.00,3077.62,3077.62,3077.62,153.88,0.00,76.94,false,0.00,false,0.00,0.00,45,1980-06-15,2024-01-03,,Active,
E100089,Demo,Participant089,2025-03-28,7,Full-Time,Operations,Austin,3077.62,0.00,0.00,0.00,0.00,3077.62,3077.62,3077.62,153.88,0.00,76.94,false,0.00,false,0.00,0.00,45,1980-06-15,2024-01-03,,Active,
E100089,Demo,Participant089,2025-04-11,8,Full-Time,Operations,Austin,3077.62,0.00,0.00,0.00,0.00,3077.62,3077.62,3077.62,153.88,0.00,76.94,false,0.00,false,0.00,0.00,45,1980-06-15,2024-01-03,,Active,
E100090,Demo,Participant090,2025-01-03,1,Full-Time,Finance,Charlotte,3145.54,0.00,0.00,0.00,0.00,3145.54,3145.54,3145.54,157.28,0.00,78.64,false,0.00,false,0.00,0.00,46,1979-06-15,2024-01-03,,Active,
E100090,Demo,Participant090,2025-01-17,2,Full-Time,Finance,Charlotte,3145.54,0.00,0.00,0.00,0.00,3145.54,3145.54,3145.54,157.28,0.00,78.64,false,0.00,false,0.00,0.00,46,1979-06-15,2024-01-03,,Active,
E100090,Demo,Participant090,2025-01-31,3,Full-Time,Finance,Charlotte,3145.54,0.00,0.00,0.00,0.00,3145.54,3145.54,3145.54,157.28,0.00,78.64,false,0.00,false,0.00,0.00,46,1979-06-15,2024-01-03,,Active,
E100090,Demo,Participant090,2025-02-14,4,Full-Time,Finance,Charlotte,3145.54,0.00,0.00,0.00,0.00,3145.54,3145.54,3145.54,157.28,0.00,78.64,false,0.00,false,0.00,0.00,46,1979-06-15,2024-01-03,,Active,
E100090,Demo,Participant090,2025-02-28,5,Full-Time,Finance,Charlotte,3145.54,0.00,0.00,0.00,0.00,3145.54,3145.54,3145.54,157.28,0.00,78.64,false,0.00,false,0.00,0.00,46,1979-06-15,2024-01-03,,Active,
E100090,Demo,Participant090,2025-03-14,6,Full-Time,Finance,Charlotte,3145.54,0.00,0.00,0.00,0.00,3145.54,3145.54,3145.54,157.28,0.00,78.64,false,0.00,false,0.00,0.00,46,1979-06-15,2024-01-03,,Active,
E100090,Demo,Participant090,2025-03-28,7,Full-Time,Finance,Charlotte,3145.54,0.00,0.00,0.00,0.00,3145.54,3145.54,3145.54,157.28,0.00,78.64,false,0.00,false,0.00,0.00,46,1979-06-15,2024-01-03,,Active,
E100090,Demo,Participant090,2025-04-11,8,Full-Time,Finance,Charlotte,3145.54,0.00,0.00,0.00,0.00,3145.54,3145.54,3145.54,157.28,0.00,78.64,false,0.00,false,0.00,0.00,46,1979-06-15,2024-01-03,,Active,
E100091,Demo,Participant091,2025-01-03,1,Part-Time,Sales,Chicago,3220.81,0.00,0.00,0.00,0.00,3220.81,3220.81,3220.81,120.78,40.26,80.52,false,0.00,false,0.00,0.00,32,1993-06-15,2024-01-03,,Active,
E100091,Demo,Participant091,2025-01-17,2,Part-Time,Sales,Chicago,3220.81,0.00,0.00,35.00,0.00,3255.81,3255.81,3220.81,120.78,40.26,80.52,false,0.00,false,0.00,0.00,32,1993-06-15,2024-01-03,,Active,
E100091,Demo,Participant091,2025-01-31,3,Part-Time,Sales,Chicago,3220.81,0.00,0.00,0.00,0.00,3220.81,3220.81,3220.81,120.78,40.26,80.52,false,0.00,false,0.00,0.00,32,1993-06-15,2024-01-03,,Active,
E100091,Demo,Participant091,2025-02-14,4,Part-Time,Sales,Chicago,3220.81,0.00,0.00,0.00,0.00,3220.81,3220.81,3220.81,120.78,40.26,80.52,false,0.00,false,0.00,0.00,32,1993-06-15,2024-01-03,,Active,
E100091,Demo,Participant091,2025-02-28,5,Part-Time,Sales,Chicago,3220.81,0.00,0.00,0.00,0.00,3220.81,3220.81,3220.81,120.78,40.26,80.52,false,0.00,false,0.00,0.00,32,1993-06-15,2024-01-03,,Active,
E100091,Demo,Participant091,2025-03-14,6,Part-Time,Sales,Chicago,3220.81,0.00,0.00,0.00,0.00,3220.81,3220.81,3220.81,120.78,40.26,80.52,false,0.00,false,0.00,0.00,32,1993-06-15,2024-01-03,,Active,
E100091,Demo,Participant091,2025-03-28,7,Part-Time,Sales,Chicago,3220.81,0.00,0.00,0.00,0.00,3220.81,3220.81,3220.81,120.78,40.26,80.52,false,0.00,false,0.00,0.00,32,1993-06-15,2024-01-03,,Active,
E100091,Demo,Participant091,2025-04-11,8,Part-Time,Sales,Chicago,3220.81,0.00,0.00,0.00,0.00,3220.81,3220.81,3220.81,120.78,40.26,80.52,false,0.00,false,0.00,0.00,32,1993-06-15,2024-01-03,,Active,
E100092,Demo,Participant092,2025-01-03,1,Full-Time,Engineering,Denver,3294.23,0.00,0.00,0.00,0.00,3294.23,3294.23,3294.23,164.71,0.00,82.36,false,0.00,false,0.00,0.00,33,1992-06-15,2024-01-03,,Active,
E100092,Demo,Participant092,2025-01-17,2,Full-Time,Engineering,Denver,3294.23,0.00,0.00,0.00,0.00,3294.23,3294.23,3294.23,164.71,0.00,82.36,false,0.00,false,0.00,0.00,33,1992-06-15,2024-01-03,,Active,
E100092,Demo,Participant092,2025-01-31,3,Full-Time,Engineering,Denver,3294.23,0.00,0.00,0.00,0.00,3294.23,3294.23,3294.23,164.71,0.00,82.36,false,0.00,false,0.00,0.00,33,1992-06-15,2024-01-03,,Active,
E100092,Demo,Participant092,2025-02-14,4,Full-Time,Engineering,Denver,3294.23,0.00,0.00,0.00,0.00,3294.23,3294.23,3294.23,164.71,0.00,82.36,false,0.00,false,0.00,0.00,33,1992-06-15,2024-01-03,,Active,
E100092,Demo,Participant092,2025-02-28,5,Full-Time,Engineering,Denver,3294.23,0.00,0.00,0.00,0.00,3294.23,3294.23,3294.23,164.71,0.00,82.36,false,0.00,false,0.00,0.00,33,1992-06-15,2024-01-03,,Active,
E100092,Demo,Participant092,2025-03-14,6,Full-Time,Engineering,Denver,3294.23,0.00,0.00,0.00,0.00,3294.23,3294.23,3294.23,164.71,0.00,82.36,false,0.00,false,0.00,0.00,33,1992-06-15,2024-01-03,,Active,
E100092,Demo,Participant092,2025-03-28,7,Full-Time,Engineering,Denver,3294.23,0.00,0.00,0.00,0.00,3294.23,3294.23,3294.23,164.71,0.00,82.36,false,0.00,false,0.00,0.00,33,1992-06-15,2024-01-03,,Active,
E100092,Demo,Participant092,2025-04-11,8,Full-Time,Engineering,Denver,3294.23,0.00,0.00,0.00,0.00,3294.23,3294.23,3294.23,164.71,0.00,82.36,false,0.00,false,0.00,0.00,33,1992-06-15,2024-01-03,,Active,
E100093,Demo,Participant093,2025-01-03,1,Full-Time,Clinical,Phoenix,3360.92,0.00,0.00,0.00,0.00,3360.92,3360.92,3360.92,168.05,0.00,84.02,false,0.00,false,0.00,0.00,34,1991-06-15,2024-01-03,,Active,
E100093,Demo,Participant093,2025-01-17,2,Full-Time,Clinical,Phoenix,3360.92,0.00,0.00,0.00,0.00,3360.92,3360.92,3360.92,168.05,0.00,84.02,false,0.00,false,0.00,0.00,34,1991-06-15,2024-01-03,,Active,
E100093,Demo,Participant093,2025-01-31,3,Full-Time,Clinical,Phoenix,3360.92,0.00,0.00,0.00,0.00,3360.92,3360.92,3360.92,168.05,0.00,84.02,false,0.00,false,0.00,0.00,34,1991-06-15,2024-01-03,,Active,
E100093,Demo,Participant093,2025-02-14,4,Full-Time,Clinical,Phoenix,3360.92,0.00,0.00,0.00,0.00,3360.92,3360.92,3360.92,168.05,0.00,84.02,false,0.00,false,0.00,0.00,34,1991-06-15,2024-01-03,,Active,
E100093,Demo,Participant093,2025-02-28,5,Full-Time,Clinical,Phoenix,3360.92,0.00,0.00,0.00,0.00,3360.92,3360.92,3360.92,168.05,0.00,84.02,false,0.00,false,0.00,0.00,34,1991-06-15,2024-01-03,,Active,
E100093,Demo,Participant093,2025-03-14,6,Full-Time,Clinical,Phoenix,3360.92,0.00,0.00,0.00,0.00,3360.92,3360.92,3360.92,168.05,0.00,84.02,false,0.00,false,0.00,0.00,34,1991-06-15,2024-01-03,,Active,
E100093,Demo,Participant093,2025-03-28,7,Full-Time,Clinical,Phoenix,3360.92,0.00,0.00,0.00,0.00,3360.92,3360.92,3360.92,168.05,0.00,84.02,false,0.00,false,0.00,0.00,34,1991-06-15,2024-01-03,,Active,
E100093,Demo,Participant093,2025-04-11,8,Full-Time,Clinical,Phoenix,3360.92,0.00,0.00,0.00,0.00,3360.92,3360.92,3360.92,168.05,0.00,84.02,false,0.00,false,0.00,0.00,34,1991-06-15,2024-01-03,,Active,
E100094,Demo,Participant094,2025-01-03,1,Full-Time,Logistics,Raleigh,3429.46,0.00,0.00,0.00,0.00,3429.46,3429.46,3429.46,128.60,42.87,85.74,false,0.00,false,0.00,0.00,35,1990-06-15,2024-01-03,,Active,
E100094,Demo,Participant094,2025-01-17,2,Full-Time,Logistics,Raleigh,3429.46,0.00,0.00,0.00,0.00,3429.46,3429.46,3429.46,128.60,42.87,85.74,false,0.00,false,0.00,0.00,35,1990-06-15,2024-01-03,,Active,
E100094,Demo,Participant094,2025-01-31,3,Full-Time,Logistics,Raleigh,3429.46,0.00,0.00,0.00,0.00,3429.46,3429.46,3429.46,128.60,42.87,85.74,false,0.00,false,0.00,0.00,35,1990-06-15,2024-01-03,,Active,
E100094,Demo,Participant094,2025-02-14,4,Full-Time,Logistics,Raleigh,3429.46,0.00,0.00,0.00,0.00,3429.46,3429.46,3429.46,128.60,42.87,85.74,false,0.00,false,0.00,0.00,35,1990-06-15,2024-01-03,,Active,
E100094,Demo,Participant094,2025-02-28,5,Full-Time,Logistics,Raleigh,3429.46,0.00,0.00,0.00,0.00,3429.46,3429.46,3429.46,128.60,42.87,85.74,false,0.00,false,0.00,0.00,35,1990-06-15,2024-01-03,,Active,
E100094,Demo,Participant094,2025-03-14,6,Full-Time,Logistics,Raleigh,3429.46,0.00,0.00,0.00,0.00,3429.46,3429.46,3429.46,128.60,42.87,85.74,false,0.00,false,0.00,0.00,35,1990-06-15,2024-01-03,,Active,
E100094,Demo,Participant094,2025-03-28,7,Full-Time,Logistics,Raleigh,3429.46,0.00,0.00,0.00,0.00,3429.46,3429.46,3429.46,128.60,42.87,85.74,false,0.00,false,0.00,0.00,35,1990-06-15,2024-01-03,,Active,
E100094,Demo,Participant094,2025-04-11,8,Full-Time,Logistics,Raleigh,3429.46,0.00,0.00,0.00,0.00,3429.46,3429.46,3429.46,128.60,42.87,85.74,false,0.00,false,0.00,0.00,35,1990-06-15,2024-01-03,,Active,
E100095,Demo,Participant095,2025-01-03,1,Full-Time,Customer Care,Remote,3497.77,0.00,0.00,0.00,0.00,3497.77,3497.77,3497.77,174.89,0.00,87.44,false,0.00,false,0.00,0.00,36,1989-06-15,2024-01-03,,Active,
E100095,Demo,Participant095,2025-01-17,2,Full-Time,Customer Care,Remote,3497.77,0.00,0.00,0.00,0.00,3497.77,3497.77,3497.77,174.89,0.00,87.44,false,0.00,false,0.00,0.00,36,1989-06-15,2024-01-03,,Active,
E100095,Demo,Participant095,2025-01-31,3,Full-Time,Customer Care,Remote,3497.77,0.00,0.00,0.00,0.00,3497.77,3497.77,3497.77,174.89,0.00,87.44,false,0.00,false,0.00,0.00,36,1989-06-15,2024-01-03,,Active,
E100095,Demo,Participant095,2025-02-14,4,Full-Time,Customer Care,Remote,3497.77,0.00,0.00,0.00,0.00,3497.77,3497.77,3497.77,174.89,0.00,87.44,false,0.00,false,0.00,0.00,36,1989-06-15,2024-01-03,,Active,
E100095,Demo,Participant095,2025-02-28,5,Full-Time,Customer Care,Remote,3497.77,0.00,0.00,0.00,0.00,3497.77,3497.77,3497.77,174.89,0.00,87.44,false,0.00,false,0.00,0.00,36,1989-06-15,2024-01-03,,Active,
E100095,Demo,Participant095,2025-03-14,6,Full-Time,Customer Care,Remote,3497.77,0.00,0.00,0.00,0.00,3497.77,3497.77,3497.77,174.89,0.00,87.44,false,0.00,false,0.00,0.00,36,1989-06-15,2024-01-03,,Active,
E100095,Demo,Participant095,2025-03-28,7,Full-Time,Customer Care,Remote,3497.77,0.00,0.00,0.00,0.00,3497.77,3497.77,3497.77,174.89,0.00,87.44,false,0.00,false,0.00,0.00,36,1989-06-15,2024-01-03,,Active,
E100095,Demo,Participant095,2025-04-11,8,Full-Time,Customer Care,Remote,3497.77,0.00,0.00,0.00,0.00,3497.77,3497.77,3497.77,174.89,0.00,87.44,false,0.00,false,0.00,0.00,36,1989-06-15,2024-01-03,,Active,
E100096,Demo,Participant096,2025-01-03,1,Part-Time,HR,Seattle,3574.31,0.00,0.00,0.00,0.00,3574.31,3574.31,3574.31,178.72,0.00,89.36,false,0.00,false,0.00,0.00,37,1988-06-15,2024-01-03,,Active,
E100096,Demo,Participant096,2025-01-17,2,Part-Time,HR,Seattle,3574.31,0.00,0.00,0.00,0.00,3574.31,3574.31,3574.31,178.72,0.00,89.36,false,0.00,false,0.00,0.00,37,1988-06-15,2024-01-03,,Active,
E100096,Demo,Participant096,2025-01-31,3,Part-Time,HR,Seattle,3574.31,0.00,0.00,0.00,0.00,3574.31,3574.31,3574.31,178.72,0.00,89.36,false,0.00,false,0.00,0.00,37,1988-06-15,2024-01-03,,Active,
E100096,Demo,Participant096,2025-02-14,4,Part-Time,HR,Seattle,3574.31,0.00,0.00,0.00,0.00,3574.31,3574.31,3574.31,178.72,0.00,89.36,false,0.00,false,0.00,0.00,37,1988-06-15,2024-01-03,,Active,
E100096,Demo,Participant096,2025-02-28,5,Part-Time,HR,Seattle,3574.31,0.00,0.00,0.00,0.00,3574.31,3574.31,3574.31,178.72,0.00,89.36,false,0.00,false,0.00,0.00,37,1988-06-15,2024-01-03,,Active,
E100096,Demo,Participant096,2025-03-14,6,Part-Time,HR,Seattle,3574.31,0.00,0.00,0.00,0.00,3574.31,3574.31,3574.31,178.72,0.00,89.36,false,0.00,false,0.00,0.00,37,1988-06-15,2024-01-03,,Active,
E100096,Demo,Participant096,2025-03-28,7,Part-Time,HR,Seattle,3574.31,0.00,0.00,0.00,0.00,3574.31,3574.31,3574.31,178.72,0.00,89.36,false,0.00,false,0.00,0.00,37,1988-06-15,2024-01-03,,Active,
E100096,Demo,Participant096,2025-04-11,8,Part-Time,HR,Seattle,3574.31,0.00,0.00,0.00,0.00,3574.31,3574.31,3574.31,178.72,0.00,89.36,false,0.00,false,0.00,0.00,37,1988-06-15,2024-01-03,,Active,
E100097,Demo,Participant097,2025-01-03,1,Full-Time,Operations,Austin,3642.23,0.00,0.00,0.00,0.00,3642.23,3642.23,3642.23,136.58,45.53,91.06,false,0.00,false,0.00,0.00,38,1987-06-15,2024-01-03,,Active,
E100097,Demo,Participant097,2025-01-17,2,Full-Time,Operations,Austin,3642.23,0.00,0.00,0.00,0.00,3642.23,3642.23,3642.23,136.58,45.53,91.06,false,0.00,false,0.00,0.00,38,1987-06-15,2024-01-03,,Active,
E100097,Demo,Participant097,2025-01-31,3,Full-Time,Operations,Austin,3642.23,0.00,0.00,0.00,0.00,3642.23,3642.23,3642.23,136.58,45.53,91.06,false,0.00,false,0.00,0.00,38,1987-06-15,2024-01-03,,Active,
E100097,Demo,Participant097,2025-02-14,4,Full-Time,Operations,Austin,3642.23,0.00,0.00,0.00,0.00,3642.23,3642.23,3642.23,136.58,45.53,91.06,false,0.00,false,0.00,0.00,38,1987-06-15,2024-01-03,,Active,
E100097,Demo,Participant097,2025-02-28,5,Full-Time,Operations,Austin,3642.23,0.00,0.00,0.00,0.00,3642.23,3642.23,3642.23,136.58,45.53,91.06,false,0.00,false,0.00,0.00,38,1987-06-15,2024-01-03,,Active,
E100097,Demo,Participant097,2025-03-14,6,Full-Time,Operations,Austin,3642.23,0.00,0.00,0.00,0.00,3642.23,3642.23,3642.23,136.58,45.53,91.06,false,0.00,false,0.00,0.00,38,1987-06-15,2024-01-03,,Active,
E100097,Demo,Participant097,2025-03-28,7,Full-Time,Operations,Austin,3642.23,0.00,0.00,0.00,0.00,3642.23,3642.23,3642.23,136.58,45.53,91.06,false,0.00,false,0.00,0.00,38,1987-06-15,2024-01-03,,Active,
E100097,Demo,Participant097,2025-04-11,8,Full-Time,Operations,Austin,3642.23,0.00,0.00,0.00,0.00,3642.23,3642.23,3642.23,136.58,45.53,91.06,false,0.00,false,0.00,0.00,38,1987-06-15,2024-01-03,,Active,
E100098,Demo,Participant098,2025-01-03,1,Full-Time,Finance,Charlotte,3709.62,0.00,0.00,0.00,0.00,3709.62,3709.62,3709.62,185.48,0.00,92.74,false,0.00,false,0.00,0.00,39,1986-06-15,2024-01-03,,Active,
E100098,Demo,Participant098,2025-01-17,2,Full-Time,Finance,Charlotte,3709.62,0.00,0.00,0.00,0.00,3709.62,3709.62,3709.62,185.48,0.00,92.74,false,0.00,false,0.00,0.00,39,1986-06-15,2024-01-03,,Active,
E100098,Demo,Participant098,2025-01-31,3,Full-Time,Finance,Charlotte,3709.62,0.00,0.00,0.00,0.00,3709.62,3709.62,3709.62,185.48,0.00,92.74,false,0.00,false,0.00,0.00,39,1986-06-15,2024-01-03,,Active,
E100098,Demo,Participant098,2025-02-14,4,Full-Time,Finance,Charlotte,3709.62,0.00,0.00,0.00,0.00,3709.62,3709.62,3709.62,185.48,0.00,92.74,false,0.00,false,0.00,0.00,39,1986-06-15,2024-01-03,,Active,
E100098,Demo,Participant098,2025-02-28,5,Full-Time,Finance,Charlotte,3709.62,0.00,0.00,0.00,0.00,3709.62,3709.62,3709.62,185.48,0.00,92.74,false,0.00,false,0.00,0.00,39,1986-06-15,2024-01-03,,Active,
E100098,Demo,Participant098,2025-03-14,6,Full-Time,Finance,Charlotte,3709.62,0.00,0.00,0.00,0.00,3709.62,3709.62,3709.62,185.48,0.00,92.74,false,0.00,false,0.00,0.00,39,1986-06-15,2024-01-03,,Active,
E100098,Demo,Participant098,2025-03-28,7,Full-Time,Finance,Charlotte,3709.62,0.00,0.00,0.00,0.00,3709.62,3709.62,3709.62,185.48,0.00,92.74,false,0.00,false,0.00,0.00,39,1986-06-15,2024-01-03,,Active,
E100098,Demo,Participant098,2025-04-11,8,Full-Time,Finance,Charlotte,3709.62,0.00,0.00,0.00,0.00,3709.62,3709.62,3709.62,185.48,0.00,92.74,false,0.00,false,0.00,0.00,39,1986-06-15,2024-01-03,,Active,
E100099,Demo,Participant099,2025-01-03,1,Full-Time,Sales,Chicago,3781.42,0.00,0.00,0.00,0.00,3781.42,3781.42,3781.42,189.07,0.00,94.54,false,0.00,false,0.00,0.00,40,1985-06-15,2024-01-03,,Active,
E100099,Demo,Participant099,2025-01-17,2,Full-Time,Sales,Chicago,3781.42,0.00,0.00,0.00,0.00,3781.42,3781.42,3781.42,189.07,0.00,94.54,false,0.00,false,0.00,0.00,40,1985-06-15,2024-01-03,,Active,
E100099,Demo,Participant099,2025-01-31,3,Full-Time,Sales,Chicago,3781.42,0.00,0.00,0.00,0.00,3781.42,3781.42,3781.42,189.07,0.00,94.54,false,0.00,false,0.00,0.00,40,1985-06-15,2024-01-03,,Active,
E100099,Demo,Participant099,2025-02-14,4,Full-Time,Sales,Chicago,3781.42,0.00,0.00,0.00,0.00,3781.42,3781.42,3781.42,189.07,0.00,94.54,false,0.00,false,0.00,0.00,40,1985-06-15,2024-01-03,,Active,
E100099,Demo,Participant099,2025-02-28,5,Full-Time,Sales,Chicago,3781.42,0.00,0.00,0.00,0.00,3781.42,3781.42,3781.42,189.07,0.00,94.54,false,0.00,false,0.00,0.00,40,1985-06-15,2024-01-03,,Active,
E100099,Demo,Participant099,2025-03-14,6,Full-Time,Sales,Chicago,3781.42,0.00,0.00,0.00,0.00,3781.42,3781.42,3781.42,189.07,0.00,94.54,false,0.00,false,0.00,0.00,40,1985-06-15,2024-01-03,,Active,
E100099,Demo,Participant099,2025-03-28,7,Full-Time,Sales,Chicago,3781.42,0.00,0.00,0.00,0.00,3781.42,3781.42,3781.42,189.07,0.00,94.54,false,0.00,false,0.00,0.00,40,1985-06-15,2024-01-03,,Active,
E100099,Demo,Participant099,2025-04-11,8,Full-Time,Sales,Chicago,3781.42,0.00,0.00,0.00,0.00,3781.42,3781.42,3781.42,189.07,0.00,94.54,false,0.00,false,0.00,0.00,40,1985-06-15,2024-01-03,,Active,
E100100,Demo,Participant100,2025-01-03,1,Full-Time,Engineering,Denver,3853.27,0.00,0.00,0.00,0.00,3853.27,3853.27,3853.27,144.50,48.17,96.33,false,0.00,false,0.00,0.00,41,1984-06-15,2024-01-03,,Active,
E100100,Demo,Participant100,2025-01-17,2,Full-Time,Engineering,Denver,3853.27,0.00,0.00,35.00,0.00,3888.27,3888.27,3853.27,144.50,48.17,96.33,false,0.00,false,0.00,0.00,41,1984-06-15,2024-01-03,,Active,
E100100,Demo,Participant100,2025-01-31,3,Full-Time,Engineering,Denver,3853.27,0.00,0.00,0.00,45.00,3898.27,3898.27,3853.27,144.50,48.17,96.33,false,0.00,false,0.00,0.00,41,1984-06-15,2024-01-03,,Active,
E100100,Demo,Participant100,2025-02-14,4,Full-Time,Engineering,Denver,3853.27,0.00,0.00,0.00,0.00,3853.27,3853.27,3853.27,144.50,48.17,96.33,false,0.00,false,0.00,0.00,41,1984-06-15,2024-01-03,,Active,
E100100,Demo,Participant100,2025-02-28,5,Full-Time,Engineering,Denver,3853.27,0.00,0.00,0.00,0.00,3853.27,3853.27,3853.27,144.50,48.17,96.33,false,0.00,false,0.00,0.00,41,1984-06-15,2024-01-03,,Active,
E100100,Demo,Participant100,2025-03-14,6,Full-Time,Engineering,Denver,3853.27,0.00,0.00,0.00,0.00,3853.27,3853.27,3853.27,144.50,48.17,96.33,false,0.00,false,0.00,0.00,41,1984-06-15,2024-01-03,,Active,
E100100,Demo,Participant100,2025-03-28,7,Full-Time,Engineering,Denver,3853.27,0.00,0.00,0.00,0.00,3853.27,3853.27,3853.27,144.50,48.17,96.33,false,0.00,false,0.00,0.00,41,1984-06-15,2024-01-03,,Active,
E100100,Demo,Participant100,2025-04-11,8,Full-Time,Engineering,Denver,3853.27,0.00,0.00,0.00,0.00,3853.27,3853.27,3853.27,144.50,48.17,96.33,false,0.00,false,0.00,0.00,41,1984-06-15,2024-01-03,,Active,
